PersonId,PersonName,Gender
li_li_zhen,李丽珍,2
pan_hui_ru,潘慧如,2
xiang_hua_qiang,向华强,2
wang_li_ya,王丽雅,2
huang_jia_qian,黄嘉千,2
cai_shu_zhen,蔡淑臻,1
fu_pei_jia,傅佩嘉,2
zhong_xin_tong,钟欣桐,2
kuang_mei_yun,邝美云,2
lin_feng_ying,林凤英,2
wu_an_ya,吴安雅,2
cai_zhuo_yan,蔡卓妍,1
huang_shu_yi,黄淑仪,1
jiang_hua,江华,2
qu_mei_feng,璩美凤,2
li_cai_hua,李彩华,2
cen_jie_yi,岑洁仪,2
shen_chun_hua,沈春华,2
lin_zhi_ying,林志颖,2
zhang_ai_jia,张艾嘉,2
guo_shu_yao,郭书瑶,1
xu_jia_ying,徐佳莹,2
dong_min_li,董敏莉,2
xu_min,徐敏,2
jiang_ya_wen,蒋雅文,2
feng_fei_fei,凤飞飞,2
meng_yao,孟瑶,1
gao_jin_su_mei,高金素梅,2
yu_ke_xin,喻可欣,2
guan_yue_chu_nai,观月雏乃,2
liu_de_hua,刘德华,2
li_mei_feng,李美凤,2
wen_ying,文英,2
xuan_xuan,宣萱,1
xu_ya_jun,许雅钧,2
luo_min_zhuang,罗敏庄,2
zhu_ling_ling,朱玲玲,2
lu_shu_yi,卢淑仪,1
ni_ya_lun,倪雅伦,2
wu_jia_long,吴嘉龙,2
xiang_hua_sheng,向华胜,2
jia_bi_yi,嘉碧仪,2
shi_hui,石慧,2
zhao_ya_zhi,赵雅芝,2
gu_mei_hua,顾美华,2
zhang_min,张敏,2
dai_ai_ling,戴爱玲,2
huang_zi_hua,黄子华,2
lan_jie_ying,蓝洁瑛,2
luo_da_hua,骆达华,2
zhou_jia_ling,周嘉玲,2
zhao_yong_hua,赵咏华,2
zhang_xiao_yan,张小燕,2
yuan_cai_yun,袁彩云,2
wei_ru_xuan,魏如萱,1
yang_li_jing,杨丽菁,2
yao_jia_ni,姚嘉妮,2
hu_ding_xin,胡定欣,2
hui_ying_hong,惠英红,2
ye_li_yi,叶丽仪,2
zhan_ya_wen,詹雅雯,2
zhu_hui_shan,朱慧珊,2
fan_xiao_xuan,范晓萱,1
zhang_shen_yue,张燊悦,2
zhang_pei_hua,张佩华,2
tong_ai_ling,童爱玲,2
zhang_ming_min,张明敏,2
zhou_hui_min,周慧敏,2
xu_guan_ying,许冠英,2
xue_jia_yan,薛家燕,2
cai_shao_fen,蔡少芬,1
liu_ruo_ying,刘若英,2
chen_xiu_wen,陈秀雯,2
chen_hui_shan,陈慧珊,2
huang_ri_hua,黄日华,2
tang_li_qiu,唐丽球,2
su_yu_hua,苏玉华,2
xie_tian_hua,谢天华,2
li_yan_shan,黎燕珊,2
zhuo_wen_xuan,卓文萱,1
tian_li,田丽,2
liang_jia_qi,梁嘉琪,2
liao_juan_jia,廖隽嘉,2
a_ya,阿雅,2
zhou_hua_jian,周华健,2
qiong_yao,琼瑶,1
qian_jia_le,钱嘉乐,2
lu_jia_xin,路嘉欣,2
jiang_xin_yan,江欣燕,2
pan_yue_yun,潘越云,2
lin_jia_qi,林嘉绮,2
mei_xiao_hui,梅小惠,2
mo_ke_xin,莫可欣,2
zheng_xiu_wen,郑秀文,2
xu_hao_ying,徐濠莹,2
chen_jia_ling,陈加玲,2
chen_xin_jian,陈欣健,2
chen_xiu_zhu,陈秀珠,2
chen_ya_lun,陈雅伦,2
che_wan_wan,车婉婉,1
hong_xin,洪欣,2
huang_yun_ling,黄韵玲,2
wu_jia_xin,吴家欣,2
gong_xue_hua,宫雪花,2
guan_ju_ying,关菊英,2
yang_ya_zhu,杨雅筑,2
chen_jia_hua,陈嘉桦,2
zhen_zhen,甄珍,2
qi_mei_zhen,戚美珍,2
mai_jie_wen,麦洁文,2
chen_wen_yuan,陈文媛,1
zhong_li_qi,钟丽淇,2
chen_min_zhi,陈敏之,2
xiong_xin_xin,熊欣欣,2
gao_li_hong,高丽虹,2
yuan_jie_ying,袁洁莹,2
yang_jin_hua,杨谨华,2
wen_ming_na,温明娜,2
guan_bao_hui,关宝慧,2
weng_mei_ling,翁美玲,2
deng_li_jun,邓丽君,2
wang_wan_fei,王婉霏,1
huang_ji_ying,黄纪莹,2
li_hui_min,李蕙敏,2
xue_li,雪梨,2
miao_ke_xiu,苗可秀,2
hu_hui_zhong,胡慧中,2
zhong_chu_hong,钟楚红,2
chen_yu_lian,陈玉莲,2
wu_jia_li,吴家丽,2
yuan_li_qi,原丽淇,2
deng_li_xin,邓丽欣,2
qiu_shu_zhen,丘淑贞,1
wang_jing,王晶,2
huo_jian_hua,霍建华,2
wang_xiao_feng,王小凤,2
luo_jia_ying,罗家英,2
peng_jia_hui,彭佳慧,2
ren_da_hua,任达华,2
chen_shu_hua,陈淑桦,1
zheng_yu_ling,郑裕玲,2
mi_xue,米雪,2
meng_jia,蒙嘉,2
wu_qi_hua,吴启华,2
xu_hui_xin,许慧欣,2
tao_jing_ying,陶晶莹,2
wei_lan,卫兰,2
lin_yi_lian,林忆莲,2
liu_qing_yun,刘青云,2
luo_jia_liang,罗嘉良,2
ou_yang_zhen_hua,欧阳震华,2
li_xin_jie,李心洁,2
chen_xiao_xuan,陈孝萱,1
chen_zi_yao,陈自瑶,1
lin_you_jia,林宥嘉,2
lin_zhi_ling,林志玲,2
liu_jia_ling,刘嘉玲,2
liu_xue_hua,刘雪华,2
chen_hui_xian,陈慧娴,2
zhang_zi_xuan,张子萱,1
zhao_han_ying_zi,赵韩樱子,1
zhao_han_xue,赵寒雪,2
zhao_hai_yan,赵海燕,2
yu_hui,于慧,2
ye_yi_yun,叶一云,2
yang_zi_yan,杨紫嫣,1
yu_xiao_hui,于小慧,2
yu_ying_ying,于莹莹,2
xu_yao_xuan,许瑶璇,1
wei_chen_fei,魏辰妃,1
wang_si_ya,王思雅,2
wang_wan_zhong,王婉中,1
wang_yi_jia,王艺嘉,2
wang_yan_su,王妍苏,1
wang_hai_yan,王海燕,2
wang_li_han,王丽涵,2
wang_jing_yun,王靖云,2
wang_yan_zhi,王妍之,1
tong_rui_xin,佟瑞欣,2
tong_yi_xuan,童苡萱,1
tang_jing_jing,汤晶晶,2
tao_hui,陶慧,2
song_wen_jia,宋汶嘉,2
sun_jia_yi,孙嘉一,2
si_ke_hua,司珂华,2
sang_ye_hong,桑叶红,2
song_xiao_ying,宋小莹,2
song_ke_xin,宋珂欣,2
shan_jia_chen,闪嘉晨,2
shao_lu_ya,邵路雅,2
sun_jing_jing,孙晶晶,2
qin_li,秦丽,2
pan_yan_fei,潘彦妃,1
pu_chao_ying,普超英,2
mou_feng_bin,牟凤彬,2
mu_qi_mi_ya,母其弥雅,2
mu_li_yan,穆丽燕,2
meng_li,孟丽,2
mei_han,梅寒,2
liu_zi_yan,刘梓妍,1
li_ruo_jia,李若嘉,2
li_li_hong,李丽虹,2
liu_xi_yuan,刘希媛,1
lv_yan_xin,吕妍昕,1
li_yuan,李媛,1
liu_jie,刘洁,2
liu_min,刘敏,2
li_yi_ling,李依玲,2
liang_jing_jing,梁晶晶,2
liu_min_tao,刘敏涛,2
li_xin_cong,李欣聪,2
liu_xiao_jie,刘晓洁,2
liu_yun_long,柳云龙,2
le_jia,乐嘉,2
liu_yu_xin,刘雨欣,2
liu_yan_xi,刘妍希,1
li_yue_xi,李悦溪,2
li_jia_ming,李嘉明,2
li_chun_yuan,李春媛,1
li_ye_ping,李野萍,2
luo_yun_xi,罗云熙,2
li_feng_xu,李凤绪,2
long_mei_zi,龙梅子,2
ji_chun_hua,计春华,2
jiang_xue,江雪,2
hong_bing_yao,洪冰瑶,1
he_xin,何欣,2
huang_ai_ling,黄爱玲,2
hou_ying_jue,侯璎珏,1
hua_chen_yu,华晨宇,2
han_ying_qun,韩英群,2
he_hua,何花,2
huang_mei_ying,黄梅莹,2
he_tie_hong,何铁红,2
hong_yue,洪悦,2
gao_yun_xiang,高云翔,2
gao_shu_yao,高姝瑶,1
guan_xue_ying,关雪盈,2
gong_yuan,宫媛,1
gong_jie,龚洁,2
gao_lan_cun,高兰村,2
guo_jing_jing,郭晶晶,2
gu_li_ya,顾莉雅,2
gao_li_wen,高丽雯,2
guan_si_hui,关思慧,2
guan_hui_qing,关慧卿,2
gong_fang_min,公方敏,2
fang_hui,方慧,2
fu_yao,付瑶,1
di_li_re_ba,迪丽热巴,2
du_min_he,杜敏赫,2
ding_jia_lan,丁嘉蓝,2
dai_yan_ni,戴燕妮,2
dong_wei_jia,董维嘉,2
ding_xiao_hong,丁晓红,2
ding_zi_ling,丁子玲,2
ding_jia_li,丁嘉丽,2
deng_ying,邓英,2
chen_xiao_xue,陈晓雪,2
chen_xin_yu,陈欣予,2
cao_xi_yue,曹曦月,2
cui_yue,崔月,2
chen_xiu_li,陈秀丽,2
chen_xiao_ping,陈晓萍,2
cheng_yao_yao,程瑶瑶,1
chen_shu,陈姝,1
chi_hua_qiong,池华琼,2
chen_zi_yan,晨梓妍,1
cao_xin_yue,曹馨月,2
chen_yan_fei,陈彦妃,1
cheng_yuan_yuan,程媛媛,1
chen_ting_jia,陈廷嘉,2
cao_yun_jin,曹云金,2
cao_fu_jia,曹芙嘉,2
chen_hong,陈红,2
chen_jie,陈洁,2
cai_zi_fen,蔡紫芬,1
bai_xue_yun,白雪云,2
bai_xue,柏雪,2
an_ya_ping,安雅萍,2
an_yue_xi,安悦溪,2
a_li_ya,阿丽亚,2
du_yun,杜云,2
ding_jian_hua,丁建华,2
deng_yu_hua,邓玉华,2
chang_bao_hua,常宝华,2
bai_yun,白云,2
li_yun_di,李云迪,2
xu_yu_lan,徐玉兰,2
xu_qian_ya,徐千雅,2
yang_ming_na,杨明娜,2
yang_jie,杨洁,2
yang_guang_hua,杨光华,2
yan_hong_jun,颜红君,2
yu_li_hong,于莉红,2
wang_yuan_ke,王媛可,1
yun_duo,云朵,2
zhang_xuan_yan,张萱妍,1
zhou_jiao,周娇,1
zhou_shi_ya,周诗雅,2
zhu_ya_ying,朱亚英,2
zu_li_fei_ya,祖丽菲亚,2
lu_xiu_mei,芦秀梅,2
jiang_wen_li,蒋雯丽,2
si_qin_gao_li,斯琴高丽,2
yan_feng_jiao,闫凤姣,2
ba_ha_gu_li,巴哈古丽,2
hong_dou,红豆,2
li_ya_hong,李亚红,2
yang_li_ping,杨丽萍,2
sun_yue,孙悦,2
yu_yue_xian,于月仙,2
lu_ling,陆玲,2
tong_li_ya,佟丽娅,2
yan_bing_yan,颜丙燕,2
wu_xiu_bo,吴秀波,2
wang_li_kun,王丽坤,2
yan_xue_jing,闫学晶,2
ni_ping,倪萍,2
wu_xiao_min,吴晓敏,2
lv_li_ping,吕丽萍,2
guo_yue,郭月,2
jiang_xin,蒋欣,2
ma_de_hua,马德华,2
wang_li_yun,王丽云,2
tan_mei,谭梅,2
chen_yi_jia,陈一嘉,2
tang_yan,唐嫣,1
li_rui_ying,李瑞英,2
hou_yao_hua,侯耀华,2
wang_ya_jie,王雅捷,2
li_xiao_yun,李霄云,2
li_yuan_xi,李媛希,1
huang_ying,黄英,2
dong_jie,董洁,2
a_lan,阿兰,2
yue_hong,岳红,2
li_xue_jian,李雪健,2
mao_a_min,毛阿敏,2
xu_jiao,徐娇,1
na_ying,那英,2
dong_wen_hua,董文华,2
zhang_shao_hua,张少华,2
lian_shu_mei,练束梅,2
fu_jing,傅晶,2
wang_jing_hua,王菁华,2
mai_hong_mei,买红妹,2
zheng_jia_xin,郑佳欣,2
zhang_kai_li,张凯丽,2
zhao_li_rong,赵丽蓉,2
li_guang_jie,李光洁,2
he_zhong_hua,何中华,2
zhang_jia_yi,张嘉译,2
hu_song_hua,胡松华,2
yue_xiu_qing,岳秀清,2
sun_hong_lei,孙红雷,2
gai_li_li,盖丽丽,2
zhu_hong_jia,朱宏嘉,2
shen_dan_ping,沈丹萍,2
xie_lan,谢兰,2
xu_shao_hua,徐少华,2
tao_hui_min,陶慧敏,2
yuan_hua,原华,2
yang_xue,杨雪,2
yang_shao_hua,杨少华,2
xiao_shu_shen,萧淑慎,1
song_zu_ying,宋祖英,2
wei_xue_man,魏雪漫,2
shi_lan_ya,史兰芽,2
wang_xue_jing,王雪菁,2
zhong_hua,钟华,2
liang_guan_hua,梁冠华,2
liu_chun_yan,刘纯燕,2
wang_li_da,王丽达,2
lv_hui_yi,吕慧仪,2
li_xin_ru,李欣汝,2
ru_ping,茹萍,2
shi_xiao_hong,师小红,2
song_chun_li,宋春丽,2
li_yuan_yuan,李媛媛,1
lin_ping,林萍,2
lv_yan,吕燕,2
ju_xue,剧雪,2
dong_xiao_yan,董晓燕,2
liu_jia_liang,刘嘉亮,2
ji_min_jia,纪敏佳,2
chen_shao_hua,陈少华,2
cha_ke_xin,查可欣,2
chen_jie_li,陈洁丽,2
chen_fei_ping,陈妃平,1
chen_jian_hong,陈坚红,2
he_jing_jing,何晶晶,2
han_zai_fen,韩再芬,1
gan_ping,甘萍,2
dong_fang_wen_ying,东方闻樱,1
tang_jia_li,汤加丽,2
jiang_yi_yan,江一燕,2
ying_zhuang,英壮,2
ai_li_ya,艾丽娅,2
li_wei_jia,李维嘉,2
shi_lan,石兰,2
li_ling_yu,李玲玉,2
huo_si_yan,霍思燕,2
xie_yu_xin,谢雨欣,2
wu_jun_mei,邬君梅,2
ma_yan_li,马艳丽,2
yang_yu_ying,杨钰莹,2
teng_li_ming,滕丽名,2
xue_cun,雪村,2
tao_hong,陶红,2
meng_xin,孟欣,2
ni_hong_jie,倪虹洁,2
sun_hai_ying,孙海英,2
tan_jing,谭晶,2
he_yun_wei,何云伟,2
ju_ping,鞠萍,2
tong_yao,童瑶,1
lu_yan,卢燕,2
huang_ya_li,黄雅莉,2
li_hui_zhen,李慧珍,2
ying_da,英达,2
han_hong,韩红,2
han_xue,韩雪,2
he_jie,何洁,2
zhang_jia_ni,张嘉倪,2
mei_gen_-_fu_ke_si,梅根-福克斯,2
mei_li_er_-_si_te_li_pu,梅丽尔-斯特里普,2
ao_lan_duo_-_bu_lu_mu,奥兰多-布鲁姆,2
yi_li_sha_bai_-_he_li,伊丽莎白-赫利,2
ka_mei_long_-_di_ya_zi,卡梅隆-迪亚兹,2
bu_lan_ni,布兰妮,2
li_min_gao,李敏镐,2
jing_xi_yan,京熙妍,1
pu_shi_yan,朴诗妍,1
jin_ya_zhong,金雅中,2
cui_ru_zhen,崔如珍,2
jin_hui_xiu,金惠秀,2
xiao_ling_li_nai,小岭丽奈,2
pu_yi_zhen,朴艺珍,2
li_shi_ying,李诗英,2
guan_yue_ya_li_sha,观月亚里莎,2
hua_yuan_peng_mei,华原朋美,2
yan_zheng_hua,严正花,2
zhang_zhen_ying,张真英,2
xiao_xue,小雪,2
xu_zhi_ya,徐智雅,2
li_ying_ai,李英爱,2
liu_cheng_xiu,柳承秀,2
song_hui_qiao,宋慧乔,2
li_xiu_man,李秀满,2
sun_tai_ying,孙泰英,2
jin_min_ji,金敏姬,2
han_zhi_hui,韩智慧,2
quan_du_yan,全度妍,1
ze_kao_ying_long_hua,泽尻英龙华,2
zhang_ze_ya_mei,长泽雅美,2
zhang_ying_lan,张英兰,2
jin_xiao_zhen,金孝珍,2
xu_zhi_ying,徐智英,2
li_bao_ying,李宝英,2
he_li_xiu,河莉秀,2
zhang_zi_yan,张紫妍,1
che_yi_lian,车艺莲,2
jin_ming_min,金明敏,2
shen_min_er,申敏儿,2
quan_hui_bin,全慧彬,2
pu_zheng_ya,朴正雅,2
jian_mei_yan,简美妍,1
jin_zhi_ying,金智英,2
jin_shan_ya,金善雅,2
jin_hai_shu,金海淑,1
jin_su_yan,金素妍,1
jin_jun_xiu,金俊秀,2
li_tai_lan,李泰兰,2
yu_cheng_yan,于承妍,1
sun_yi_zhen,孙艺珍,2
li_mei_yan,李美妍,1
shen_hui_zhen,沈惠珍,2
song_yu_shu,宋玉淑,1
li_yao_yuan,李瑶媛,1
li_mei_shu,李美淑,1
pu_shan_ying,朴善英,2
li_fan_xiu,李凡秀,2
jie_ya_ren,堺雅人,2
pu_ming_xiu,朴明秀,2
yang_si_min,杨思敏,2
long_ze_xiu_ming,泷泽秀明,2
ying_jing_xiang,樱井翔,1
xiang_ye_ya_ji,相叶雅纪,2
tian_zhong_li_nai,田中丽奈,2
xi_dao_xiu_jun,西岛秀俊,2
shi_chuan_li_hua,石川梨华,2
shi_hei_ying_xiong,石黑英雄,2
shi_yuan_gui_ya,石原贵雅,2
xia_shao_ya,夏烧雅,2
xiao_ye_li_sha,小野丽莎,2
jin_xiu_jian,金秀兼,2
ao_jing_ya_mei,奥井雅美,2
fen_dao_hua_yin,分岛花音,2
fu_tian_hua_yin,福田花音,2
hei_chuan_zhi_hua,黑川智花,2
fu_shan_ya_zhi,福山雅治,2
wu_teng_lan,武藤兰,2
chi_zhen_xi,池珍熙,2
zhong_dao_mei_jia,中岛美嘉,2
cai_yan,蔡妍,1
han_cai_ying,韩彩英,2
liu_yi_fei,刘亦菲,1
bin_qi_bu,滨崎步,1
ren_xian_qi,任贤齐,1
wang_li_hong,王力宏,1
a_bu_li,阿部力,1
ju_hui_shan,具惠善,1
jin_xi_shan,金喜善,1
jiang_yu_heng,姜育恒,1
jin_cheng_wu,金城武,1
liu_cheng_jun,刘承俊,1
cang_jing_you,苍井优,1
cang_mu_ma_yi,仓木麻衣,1
ban_ben_zhen_ling,坂本真绫,1
pu_zheng_zhu,朴正洙,1
quan_wu_zhong,权五重,1
zhi_tian_yu_er,织田裕二,1
yi_qi_you_dian,伊崎右典,1
xing_tian_lai_wei,幸田来未,1
zhen_tian_guang_zhi,真田广之,1
che_tai_xuan,车太铉,1
xiao_song_wei_bu,小松未步,1
xiang_ma_qian,相马茜,1
cheng_you_li,成宥利,1
xiao_cang_you_zi,小仓优子,1
song_dao_cai_cai_zi,松岛菜菜子,1
teng_yuan_ji_xiang,藤原纪香,1
shui_shu_nai_nai,水树奈奈,1
shi_ye_hao_er,矢野浩二,1
shi_tian_zhang,石田彰,1
shen_tian_gong_zi,深田恭子,1
shang_hu_cai,上户彩,1
shan_tian_liang_jie,山田凉介,1
shan_kou_bai_hui,山口百惠,1
sen_ben_long_tai_lang,森本龙太郎,1
qing_shui_xiang_tai,清水翔太,1
ping_jing_jian,平井坚,1
nei_tian_you_ji,内田有纪,1
ling_mu_ya_mei,铃木亚美,1
ku_bei_zhen_xi,堀北真希,1
jing_shang_he_yan,井上和彦,1
jiang_kou_yang_jie,江口洋介,1
jian_ye_mei_sui,菅野美穗,1
hu_tian_hui_li_xiang,户田惠梨香,1
hou_teng_zhen_xi,后藤真希,1
gui_shu_qian_xun,鬼束千寻,1
guan_zhi_yi,关智一,1
gong_qi_kui,宫崎葵,1
gong_ben_jun_yi,宫本骏一,1
gao_cang_jian,高仓健,1
dao_gu_tong,岛谷瞳,1
da_zhong_ai,大冢爱,1
sheng_tian_dou_zhen,生田斗真,1
jia_hu_ya_yi,加护亚依,1
gu_wu_jing_duo,古屋敬多,1
gang_tian_jiang_sheng,冈田将生,1
he_tian_zheng_ren,和田正人,1
hei_mu_ming_sha,黑木明纱,1
gang_jing_qian_sheng,冈井千圣,1
fu_tian_sha_ji,福田沙纪,1
fu_tian_ma_you_zi,福田麻由子,1
gao_mu_xiong_ye,高木雄也,1
gao_dao_li_zi,高岛礼子,1
gao_qiao_zhi_chun,高桥直纯,1
heng_shan_zhi_zuo,横山智佐,1
de_yong_qian_nai_mei,德永千奈美,1
ji_chuan_guang_bo,及川光博,1
ji_gao_you_li_zi,吉高由里子,1
cun_shang_xin_wu,村上信五,1
cheng_hai_li_zi,成海璃子,1
cheng_gong_kuan_gui,成宫宽贵,1
cao_ye_bo_ji,草野博纪,1
ben_xiang_zou_duo,本乡奏多,1
bei_chuan_jing_zi,北川景子,1
bei_chu_cai_nai,北出菜奈,1
ba_yi_nv_guang,八乙女光,1
an_tian_zhang_da,安田章大,1
an_teng_zheng_xin,安藤政信,1
an_bei_xia_mei,安倍夏美,1
gu_yuan_zhang_jie,谷原章介,1
xiong_mu_xing_li,熊木杏里,1
xiong_jing_you_li_nai,熊井友理奈,1
xin_yuan_jie_yi,新垣结衣,1
xiao_yuan_liang_zi,筱原凉子,1
xiao_ye_jian_dou,小野健斗,1
xiao_tian_he_zheng,小田和正,1
xiao_chu_hui_jie,小出惠介,1
xiao_chi_li_nai,小池里奈,1
xiao_chi_che_ping,小池澈平,1
xiang_jing_li,向井理,1
xiang_chui_you_yu,香椎由宇,1
xia_chuan_chun,夏川纯,1
lai_hu_kang_shi,濑户康史,1
li_shan_qian_ming,栗山千明,1
shou_yue_you_ye,手越佑也,1
shui_chuan_ma_mei,水川麻美,1
shi_yuan_sun_ren,市原隼人,1
shi_chuan_you_yi,市川由衣,1
she_jiang_rang_er,涉江让二,1
she_gu_mao,涉谷昴,1
shang_ye_shu_li,上野树里,1
shang_mu_cai_shi,上木彩矢,1
shi_kou_zhen_li,矢口真里,1
shi_dao_wu_mei,矢岛舞美,1
shi_yuan_li_mei,石原里美,1
xu_teng_mo_ma,须藤茉麻,1
yan_tian_xiao_bai_he,岩田小百合,1
ruo_ye_long_ye,若叶龙也,1
mu_xia_ya_you_mei,木下亚由美,1
qing_shui_zuo_ji,清水佐纪,1
zhong_dao_yu_xiang,中岛裕翔,1
zhong_dao_zao_gui,中岛早贵,1
zhong_ju_zheng_guang,中居正広,1
zhong_xiao_jie,中孝介,1
zhong_ben_gao_shi,冢本高史,1
zuo_teng_hao_shi,佐藤浩市,1
zuo_teng_jian,佐藤健,1
zuo_zuo_mu_xi,佐佐木希,1
jin_zi_sheng,金子升,1
shan_kou_sheng_ping,山口胜平,1
ming_xi,明希,1
jing_jing_kang_jie,鲸井康介,1
nian_chuan_tai_yang,鲇川太阳,1
shen_mu_long_zhi_jie,神木隆之介,1
jian_gu_li_sha_zi,菅谷梨沙子,1
jia_teng_qing_you,加藤庆佑,1
jia_teng_he_shu,加藤和树,1
xi_chuan_gui_jiao,西川贵教,1
wu_shi_lan_sun_shi,五十岚隼士,1
wan_shan_long_ping,丸山隆平,1
wa_zhong_yang_jie,洼冢洋介,1
tu_wu_an_na,土屋安娜,2
tian_zhong_yu_zi,田中裕子,1
tian_cun_zheng_he,田村正和,1
tian_hai_you_xi,天海佑希,1
teng_yuan_long_ye,藤原龙也,1
teng_mu_zhi_ren,藤木直人,1
teng_gang_dian,藤冈靛,1
tang_ze_shou_ming,唐泽寿明,1
song_tian_long_ping,松田龙平,1
song_shan_jian_yi,松山健一,1
song_pu_ya_mi,松浦亚弥,1
song_long_zi,松隆子,1
shui_dao_hong,水岛宏,1
zao_an_shao_nv_zu,早安少女组,1
tian_kou_chun_zhi_jie,田口淳之介,1
sou_hong_tai,薮宏太,1
sen_tian_gang,森田刚,1
zhong_wan_xiong_yi,中丸雄一,1
jiu_zhu_xiao_chun,久住小春,1
san_zhai_jian,三宅健,1
jia_teng_cheng_liang,加藤成亮,1
gang_tian_zhun_yi,冈田准一,1
dao_zhong_sha_you_mei,道重沙由美,1
zhang_ye_bo,长野博,1
ban_ben_chang_xing,坂本昌行,1
xiang_qu_shen_wu,香取慎吾,1
tang_ben_guang_yi,堂本光一,1
tang_ben_gang,堂本刚,1
mu_cun_tuo_zai,木村拓哉,1
jin_hu_liang,锦户亮,1
jin_jing_yi,今井翼,1
gao_qiao_ai,高桥爱,1
da_ye_zhi,大野智,1
song_ben_run,松本润,1
chi_xi_ren,赤西仁,1
xiao_shan_qing_yi_lang,小山庆一郎,1
xi_duo_lang,喜多郎,1
zhen_nei_zhi_ze,阵内智则,1
pu_xi_shun,朴熙顺,1
shan_ben_geng_shi,山本耕史,1
li_hui_cai,李辉才,1
jiu_shi_rang,久石让,1
lao_yuan_you_li,蛯原友里,1
qiu_yuan_wu,萩原舞,1
cui_zhi_you,崔智友,1
liu_jun_xiang,刘俊相,1
li_zhen_xu,李真旭,1
pei_yong_jun,裴勇俊,1
li_bing_xian,李秉宪,1
jin_you_mei,金幽美,1
yi_zhi_yuan,艺智苑,1
di_zhen_yi,堤真一,1
bao_er,宝儿,1
song_yun_er,宋允儿,1
jin_xian_zhu,金贤珠,1
mi_cang_liang_zi,米仓凉子,1
pu_zhi_yin,朴志胤,1
pei_zhong_yu,裴钟玉,1
jiang_shou_yan,姜受延,1
ping_shan_ling,平山绫,1
jiu_jing_mei_ji,酒井美纪,1
pu_zhong_xun,朴重勋,1
ji_chuan_ri_nai,吉川日奈,1
jin_shi_xun,金石勋,1
yuan_shan_jing_zhi_zi,远山景织子,1
xue_jing_qiu,薛景求,1
yi_teng_bu,伊藤步,1
gao_su_rong,高素荣,1
zhong_gu_mei_ji,中谷美纪,1
jin_wen,金玟,1
cui_ming_ji,崔明吉,1
bei_shang_qian_hui_zi,倍赏千惠子,1
li_en_zhou,李恩宙,1
liu_zhi_tai,刘智泰,1
cao_jian_gang,草剪刚,1
zhong_jing_gui_yi,中井贵一,1
dao_sen_quan,稻森泉,1
song_kang_hao,宋康昊,1
cao_cheng_you,曹承佑,1
an_sheng_ji,安圣基,1
xu_min_jing,徐敏静,2
li_yin_zhu,李银珠,1
liu_wu_xing,刘五性,1
jin_bao_jing,金宝京,1
shen_en_qing,申恩庆,1
an_zai_mao,安在懋,1
li_zheng_zai,李政宰,1
pu_hai_zhen,朴海镇,1
zhu_zhi_xun,朱智勋,1
jin_fan,金范,1
fan_dao_ai,饭岛爱,1
ying_tai,瑛太,1
ben_duo_RuRu,本多RuRu,1
cai_lin,蔡琳,2
chai_qi_xing,柴崎幸,1
an_zai_xu,安在旭,1
li_cheng_huan,李承焕,1
jin_li_xu,金厉旭,1
li_dong_hai,李东海,1
zheng_shan_ji,郑善姬,1
pu_xin_hui,朴信惠,1
hou_teng_ma_yi,后藤麻衣,1
dong_fang_shen_qi,东方神起,1
an_qi_xuan,安七炫,1
che_tai_xian,车太贤,1
shen_chang_min,沈昌珉,1
pu_you_tian,朴有天,1
jin_zai_zhong,金在中,1
cui_zhen_shi,崔真实,1
chang_pan_gui_zi,常盘贵子,1
zheng_yun_hao,郑允浩,1
jin_ji_shi,金基石,1
jin_xi_xun,金锡勋,1
jin_zhong_guo,金钟国,1
jin_xing,金星,1
kong_you,孔侑,1
shen_xian_jun,申贤俊,1
zhu_nei_jie_zi,竹内结子,1
xiao_shi_zhe_zai,小室哲哉,1
zhang_na_la,张娜拉,2
zhong_jian_you_ji_hui,仲间由纪惠,1
zhu_ye_nei_feng,竹野内丰,1
zhao_yin_cheng,赵寅成,1
ling_mu_xing,铃木杏,1
yin_en_hui,尹恩惠,1
jin_zheng_en,金正恩,1
pu_you_qian,朴有仟,1
pu_en_hui,朴恩惠,1
pu_long_he,朴龙河,1
pu_zhen_xi,朴真熙,1
song_zhi_xiao,宋智孝,1
song_tian_sheng_zi,松田圣子,1
xuan_xiang,绚香,1
quan_zhi_xian,全智贤,1
zhang_lai_zhi_ye,长濑智也,1
tian_ye_hao_zi,畑野浩子,1
jin_jing_hui_li_zi,今井绘理子,1
jin_nan_zhu,金南珠,1
jin_cheng_you,金承佑,1
xiao_chi_rong_zi,小池荣子,1
shen_yin_he,沈银河,1
you_xiang,优香,1
zai_xi,在熙,1
zhao_han_shan,赵汉善,1
jiang_dong_yuan,姜东元,1
cui_shi_yuan,崔始源,1
li_min_hao,李民浩,1
zhang_gen_xi,张根锡,1
liu_shi_yuan,柳时元,1
li_rui_zhen,李瑞镇,1
zhao_xian_zai,赵显宰,1
jin_shi_hou,金时厚,1
jin_xian_zhong,金贤重,1
li_dong_jian,李东健,1
xiang_ye_hong_shu,相叶弘树,1
tian_zhong_qian_hui,田中千绘,1
jin_sheng_zhu,金声洙,1
Rain,Rain,1
zhu_zhen_mo,朱镇模,1
zhong_cun_shi_tong,中村狮童,1
zhong_shan_mei_sui,中山美穗,1
shen_ai_luo,申爱罗,1
che_ren_biao,车仁表,1
zheng_jun_hao,郑俊浩,1
SJ-M,SJ-M,1
JunJin,JunJin,1
Eric,Eric,1
Makiyo,Makiyo,1
li_min_yu,李珉宇,1
jin_dong_wan,金东万,1
Andy,Andy,1
fan_ting_long_shi,反町隆史,1
zhang_gao_zhe,张镐哲,1
zhu_zhong_zhi_ren,竹中直人,1
zhang_rui_xi,张瑞希,1
zhao_zai_xian,赵宰贤,1
zheng_duo_bin,郑多彬,1
jin_en_sheng,金恩圣,1
he_zhi_yuan,河智苑,1
wen_xi_jun,文熙俊,1
guang_mo_liang_zi,广末凉子,1
jue_bei_zhen_xi,崛北真希,1
zheng_li_yuan,郑丽媛,2
jiang_zhi_huan,姜志焕,1
jin_he_na,金荷娜,2
yuan_bin,元彬,1
jin_lai_yuan,金来沅,1
jin_tai_xi,金泰熙,1
song_cheng_xian,宋承宪,1
yu_su_li,玉素利,1
yan_zheng_xun,延正勋,1
yan_jing_jun_er,岩井俊二,1
li_zhun_ji,李准基,1
liu_he_na,刘荷娜,2
yin_he,银赫,1
jin_qi_fan,金起范,1
li_zai_yuan,李在元,1
an_sheng_hao,安胜浩,1
zhang_you_he,张佑赫,1
SE7EN,SE7EN,1
han_jia_ren,韩佳人,1
HYDE,HYDE,1
pu_xin_yang,朴信阳,1
wu_zhen_hai,吴贞孩,1
li_yuan_xiao_juan,栗原小卷,1
tetsu,tetsu,1
bai_cheng_xuan,白成铉,1
huang_zheng_min,黄正民,1
jian_ben_hui,键本辉,1
jin_zai_yuan,金载沅,1
yin_qi_xiang,尹启相,1
jin_zheng_xun,金正勋,1
an_shi_nai_mei_hui,安室奈美惠,1
gui_li_he_ye,龟梨和也,1
jing_zhi_yuan_kuai_yan,井之原快彦,1
lai_hu_chao_xiang,濑户朝香,1
zhong_shan_ren,中山忍,1
zheng_pu_shuo,郑普硕,1
li_zheng_zhen,李正镇,1
li_jiu_zhe,李玖哲,1
su_shui_zhong_dao,速水重道,1
shan_qi_zhen_shi,山崎真实,1
san_pu_chun_ma,三浦春马,1
shen_tong,神童,1
li_dong_xu,李东旭,1
li_duo_hai,李多海,1
teng_jing_li_na,藤井莉娜,2
su_zhi_xie,苏志燮,1
jiang_dao_han,江道韩,1
han_xiao_zhu,韩孝珠,1
an_zai_mo,安宰模,1
pei_se_qi,裴涩琪,1
li_cheng_xuan,李承铉,1
liu_cheng_fan,柳承范,1
kong_xiao_zhen,孔孝真,1
an_zai_huan,安在焕,1
wen_su_li,文素利,1
han_shi_kui,韩石奎,1
pu_han_xing,朴韩星,1
li_wen_zhi,李文植,1
song_shan_mei,宋善美,1
zhang_gu_chuan_jing_zi,长谷川京子,1
quan_xiang_you,权相佑,1
su_you_zhen,苏幼贞,1
Chara,Chara,1
li_can,李灿,1
li_te,李特,1
V6,V6,1
gao_xiang_you_yi,高相佑一,1
shan_tian_you,山田优,1
xiao_li_xun,小栗旬,1
shi_tian_ya_xi_zi,矢田亚希子,1
ya_wei_xue,押尾学,1
jin_zi_mei_sui,金子美穗,1
han_yin_zhen,韩银贞,1
xi_dao_long_hong,西岛隆弘,1
jiu_jing_fa_zi,酒井法子,1
zhen_nei_xiao_ze,阵内孝则,1
yu_cheng_hao,俞承豪,1
liang_feng_zhen_shi,凉风真世,1
che_sheng_yuan,车胜元,1
shen_hua_zu_he,神话组合,1
ze_kou_jing_zi,泽口靖子,1
cang_jing_kong,苍井空,1
ping_ye_ling,平野绫,1
san_pu_you_he,三浦友和,1
ping_yuan_ling_xiang,平原绫香,1
shan_qi_yu_tai,山崎裕太,1
ju_qing_tai,橘庆太,1
xiao_quan_jin_ri_zi,小泉今日子,1
mu_cun_jia_nai,木村佳乃,1
zhang_ze_zheng_mei,长泽正美,1
ban_gu_you_xia,板谷由夏,1
gong_teng_jing_xiang,工藤静香,2
xiang_chuan_qi_lai,相川七濑,1
gong_ze_li_hui,宫泽理惠,1
cang_tian_bao_zhao,仓田保昭,1
jiang_hui_zhen,姜惠贞,1
xiang_wu_sha_ji,相武纱季,1
zhong_chuan_xiang_zi,中川翔子,1
shan_ben_sha_yi,山本纱衣,1
qiang_ren,强仁,1
zheng_ri_yu,郑日宇,1
mu_cun_kaela,木村kaela,1
a_bi_liu_you,阿比留优,1
Aiko,Aiko,1
an_tian_mei_sha_zi,安田美沙子,1
jing_shang_he_xiang,井上和香,1
zhao_yun_xi,赵允熙,1
li_xiao_li,李孝利,1
ling_mu_zao_zhi_zi,铃木早智子,1
du_bian_xing,渡边杏,1
du_bian_da,渡边大,1
du_bian_qian,渡边谦,1
gan_yu_cheng,甘宇成,1
jin_yun_xi,金允锡,1
gao_xiu,高修,1
zhang_dong_jian,张东健,1
shan_xia_zhi_jiu,山下智久,1
chi_nei_bo_zhi,池内博之,1
che_xiu_yan,车秀妍,2
feng_tian_ai_li,丰田艾莉,1
liu_le_you_mi,柳乐优弥,1
tian_zhong_li_hui,田中理惠,1
qiao_ben_ai_shi,桥本爱实,1
shi_zuo_sha_you_li,矢作纱友里,1
an_teng_sha_ye_xiang,安藤沙耶香,1
ku_jiang_you_yi,堀江由衣,1
san_pu_gui_da,三浦贵大,1
dao_yuan_wu_lang,稻垣吾郎,1
hu_na_xi_li,忽那汐里,1
gui_jing_hui_li,龟井绘里,1
kui_xian,奎贤,1
pu_zhou_yong,朴周永,1
da_zheng_xuan,大政绚,1
xiao_ze_ma_li_ya,小泽玛利亚,1
jing_shang_zhen_yang,井上真央,1
jin_teng_zhen_yan,近藤真彦,1
bei_chuan_you_ren,北川悠仁,1
dan_ni_er_-_ke_lei_ge,丹尼尔-克雷格,1
ke_lin_te_-_yi_si_te_wu_de,克林特-伊斯特伍德,1
ke_li_si_di_na_-_a_kui_lai_la,克里斯蒂娜-阿奎莱拉,2
ben_-_ba_en_si,本-巴恩斯,1
zhan_mu_si_-_fu_lang_ge,詹姆斯-弗朗哥,1
jie_ke_-_ji_lun_ha_er,杰克-吉伦哈尔,1
jie_ke_-_ni_ke_er_sen,杰克-尼克尔森,1
xi_la_li_-_da_fu,希拉里-达夫,1
xiu_-_lao_rui,休-劳瑞,1
fu_li_si_te_-_hui_te_ke,福利斯特-惠特克,1
yi_wa_-_men_de_si,伊娃-门德斯,1
yi_wa_-_lang_ge_li_ya,伊娃-朗格利亚,1
de_lu_-_ba_li_mo_er,德鲁-巴黎摩尔,1
qiu_de_-_luo,裘德-洛,1
li_cha_-_ji_er,理查-基尔,1
la_er_fu_-_fei_yin_si,拉尔夫-费因斯,1
lei_qie_er_-_wei_zi,蕾切尔-薇姿,2
rui_ni_-_qi_wei_ge,芮妮-齐薇格,2
kui_yin_-_la_ti_fa,奎因-拉提法,1
kun_ting_-_ta_lun_di_nuo,昆汀-塔伦蒂诺,1
pi_er_si_-_bu_lu_si_nan,皮尔斯-布鲁斯南,1
pa_te_li_ke_-_de_mu_xi,帕特里克-德姆西,1
na_ao_mi_-_wo_ci,娜奥米-沃茨,2
mi_xie_er_-_wei_lian_mu_si,米歇尔-威廉姆斯,1
ma_xiu_-_mai_kang_na,马修-麦康纳,1
ma_ke_-_wo_er_bo_ge,马克-沃尔伯格,1
mai_dang_na_zi_liao,麦当娜资料,2
ke_li_si_ting_-_deng_si_te,克里斯汀-邓斯特,1
kai_te_-_ha_de_sen,凯特-哈德森,1
qiao_shen_-_ha_nai_te,乔什-哈奈特,1
yue_han_-_te_la_wo_er_ta,约翰-特拉沃尔塔,1
wei_er_-_shi_mi_si,威尔-史密斯,1
wu_di_-_ai_lun,伍迪-艾伦,1
wei_nuo_na_-_lai_de,薇诺娜-赖德,2
wu_ma_-_se_man,乌玛-瑟曼,1
tang_mu_-_han_ke_si,汤姆-汉克斯,1
tuo_bi_-_ma_kui_er,托比-马奎尔,1
di_na_-_fei,蒂娜-菲,2
bai_bing,白冰,1
a_bao,阿宝,1
zhang_qian,张茜,1
zhang_ya_dong,张亚东,1
zhou_yi_wei,周一围,1
zhu_xun,朱迅,1
zhu_zhe_qin,朱哲琴,1
deng_chao,邓超,1
zhang_han_yu,张涵予,1
cheng_qian,程前,1
cheng_lin,程琳,2
chen_de_rong,陈德容,1
bi_fu_jian,毕福剑,1
zhang_mo,张默,1
ai_meng_meng,艾梦萌,1
hu_yan_bin,胡彦斌,1
hu_qing_lan,胡清蓝,1
hu_ling,胡灵,1
hu_ge,胡歌,1
guo_jing_ming,郭敬明,1
guo_de_gang,郭德纲,1
you_hong_ming,游鸿明,1
gong_han_lin,巩汉林,1
yu_cheng_qing,庾澄庆,1
li_ai,李艾,1
ye_bei,叶蓓,1
wu_jian_fei,吴建飞,1
li_zong_han,李宗翰,1
xiang_xiang,香香,1
li_you_bin,李幼斌,1
li_xiang,李湘,1
li_jin_dou,李金斗,1
xie_tian_xiao,谢天笑,1
xiong_ru_lin,熊汝霖,1
jia_zhang_ke,贾樟柯,1
jia_nai_liang,贾乃亮,1
ji_mi,吉米,1
ji_jie,吉杰,1
huang_yi,黄奕,1
xu_ru_yun,许茹芸,1
huang_hong,黄宏,1
yan_ni,闫妮,1
yang_ruo_xi,杨若兮,1
hu_yang_lin,胡杨林,1
liu_liu,刘流,1
liu_hua,刘桦,1
shen_ling,沈凌,1
su_yong_kang,苏永康,1
sun_chun,孙淳,1
wang_feng,汪峰,1
wen_lan,温岚,1
luo_zhong_xu,罗中旭,1
feng_gong,冯巩,1
pan_chang_jiang,潘长江,1
fan_wei,范伟,1
cui_jian,崔健,1
xu_chun_ni,徐春妮,1
chen_xiao_yi,陈小艺,1
chen_xing,陈星,1
cai_guo_qing,蔡国庆,1
chen_dao_ming,陈道明,1
chen_bao_guo,陈宝国,1
lin_shen,林申,1
li_yong,李咏,1
li_xiu_ping,李修平,1
li_xiao_ran,李小冉,1
li_quan,李泉,1
li_qian,李倩,2
lan_xin_mei,蓝心湄,1
jiang_qin_qin,蒋勤勤,1
jiang_wu,姜武,1
jiang_wen,姜文,1
he_zuo_yan,何琢言,1
he_sai_fei,何赛飞,1
he_qing,何晴,1
he_lin,何琳,2
li_na,李娜,2
song_dan_dan,宋丹丹,1
shi_xiao_long,释小龙,1
shen_xing,沈星,1
sha_yi,沙溢,1
sha_bao_liang,沙宝亮,1
qin_hai_lu,秦海璐,2
pu_shu,朴树,1
niu_li,牛莉,1
mei_ting,梅婷,2
man_jiang,满江,1
lu_yi,陆毅,1
liu_yi_wei,刘仪伟,1
liu_xiao_qing,刘晓庆,1
lin_yi_lun,林依轮,1
wu_qiong,吴琼,1
wang_zhi_wen,王志文,1
wang_gang,王刚,1
tao_ze_ru,陶泽如,1
tian_hai_rong,田海蓉,1
teng_ge_er,腾格尔,1
tu_hong_gang,屠洪刚,1
tong_lei,童蕾,2
di_bo_la,狄波拉,1
zhang_yi_shan,张一山,1
zhou_tao,周涛,1
zang_tian_shuo,臧天朔,1
yu_en_tai,喻恩泰,1
yin_xiao_tian,印小天,1
yin_xiang_jie,尹相杰,1
ye_xuan,叶璇,1
yao_chen,姚晨,1
yang_le_le,杨乐乐,1
xu_fan,徐帆,1
liu_song_ren,刘松仁,1
zhang_feng_yi,张丰毅,1
zhang_xiao_yu,张筱雨,1
wang_jin_long,王金龙,1
mao_mao,毛毛,1
xian_zi,弦子,1
wang_rong,王蓉,1
zhu_yu_chen,朱雨辰,1
li_an,李安,1
bai_ling,白灵,1
peng_yu,彭玉,1
wang_xiao_ya,王小丫,1
sun_nan,孙楠,1
yan_huai_li,闫怀礼,1
li_chun,李纯,1
you_yong,尤勇,1
tang_ji_li,唐季礼,1
duan_yi_hong,段奕宏,1
a_mu,阿木,1
liu_wei_wei,刘威葳,1
zhu_dan,朱丹,1
li_yu_gang,李玉刚,1
ke_lan,柯蓝,1
tong_da_wei,佟大为,1
tian_zhen,田震,1
yang_lan,杨澜,1
yuan_wen_kang,袁文康,1
yu_na,于娜,2
wang_ji,王姬,1
she_man_ni,佘曼妮,1
qin_lan,秦岚,1
ning_jing,宁静,2
nie_yuan,聂远,1
mao_ning,毛宁,1
luo_hai_qiong,罗海琼,1
jin_qiao_qiao,金巧巧,1
jin_ming,金铭,1
huang_jue,黄觉,1
hu_ke,胡可,1
ma_tian_yu,马天宇,1
miao_pu,苗圃,1
li_ya_peng,李亚鹏,1
si_qin_ge_ri_le,斯琴格日乐,1
tan_wei_wei,谭维维,1
wang_bao_qiang,王宝强,1
wei_chen,魏晨,1
hu_hai_quan,胡海泉,1
li_lin,李琳,2
jiang_pei_lin,姜培琳,2
huang_zheng,黄征,1
xu_fei,许飞,1
huang_hai_bing,黄海冰,1
huang_bo,黄渤,1
jin_hai_xin,金海心,1
gao_hu,高虎,1
jin_sha,金莎,1
ceng_li,曾黎,1
he_jiong,何炅,1
zhang_li_yin,张力尹,1
cai_ming,蔡明,1
bao_jian_feng,保剑锋,1
cao_ying,曹颖,2
su_yan,苏岩,1
kong_wei,孔维,1
wang_qian,王茜,1
yu_rong_guang,于荣光,1
ding_wei,丁薇,2
song_jia,宋佳,1
guo_ke_yu,郭柯宇,1
wei_zi,巍子,1
xiao_song_jia,小宋佳,1
pan_hong,潘虹,1
liu_bei,刘蓓,1
zhang_heng,张恒,1
wang_ya_nan,王亚楠,1
liao_fan,廖凡,1
liu_xiao_hu,刘晓虎,1
zhang_mao,张茆,1
liu_xiao_wei,刘小微,1
gong_xin_liang,巩新亮,1
fu_da_long,富大龙,1
chen_yong_xia,陈永霞,2
li_yi_xiang,李易祥,1
cong_shan,丛珊,1
na_ren_hua,娜仁花,2
zhao_ling,赵岭,1
you_hao_ran,尤浩然,1
wu_yue,吴越,1
kou_zhen_hai,寇振海,1
zhou_yan_hong,周艳泓,1
li_fei_er,李菲儿,1
wang_ban,王斑,1
ren_cheng_wei,任程伟,1
wang_ruo_yi,王若伊,1
ma_dong,马东,1
he_jia_hao,何珈好,1
sun_fei_fei,孙菲菲,1
deng_jia_jia,邓家佳,1
pan_yang,潘阳,1
yu_li,于莉,1
wang_han,汪涵,1
ye_yi_qian,叶一茜,1
zhao_ben_shan,赵本山,1
dao_lang,刀郎,1
zhao_ting_ting,赵婷婷,2
shi_yang_zi,石洋子,1
yin_tao,殷桃,1
diao_han,刁寒,1
ai_jing,艾敬,1
wang_hong_wei,王宏伟,1
kang_xiao_xi,康晓熙,1
qi_qi,琦琦,1
zhang_duo,张铎,1
dai_chun_rong,戴春荣,1
dai_fei_fei,戴菲菲,1
dai_yu_qiang,戴玉强,1
dai_rao,戴娆,1
deng_zi_feng,邓梓峰,1
dang_ning,党宁,1
du_yu_lu,杜雨露,1
bao_guo_an,鲍国安,1
a_qiu,阿丘,1
jing_bai_ran,井柏然,1
fu_xin_bo,付辛博,1
gao_rong,高榕,1
guo_yang,郭阳,1
guan_mu_cun,关牧村,1
gao_ya_lin,高亚麟,1
guan_tong,管彤,1
guo_dong_lin,郭冬临,1
gao_zi_qi,高梓淇,1
guo_rong,郭蓉,1
zhou_mi,周觅,1
ren_jing,任静,2
fan_lin_lin,范琳琳,2
fu_di_sheng,付笛声,1
ceng_ge_ge,曾格格,1
feng_xiao_quan,冯晓泉,1
da_shi_chang,达式常,1
dai_zhi_cheng,戴志诚,1
huang_lu,黄璐,2
huang_ge_xuan,黄格选,1
he_zheng_jun,何政军,1
zhang_jing_chu,张静初,2
huang_ming,黄明,1
zhou_wei_xing,周卫星,1
he_jing,何静,2
he_qing_kui,何庆魁,1
hou_xian,后弦,1
huang_qi_shan,黄绮珊,1
pan_yue_ming,潘粤明,1
he_mu_nan,何慕男,1
ou_yang_xia_dan,欧阳夏丹,1
ou_yang_fen_qiang,欧阳奋强,1
qi_wei,戚薇,2
zhao_zi_qi,赵子琪,1
chi_zhong_rui,迟重瑞,1
he_bing,何冰,1
hu_dong,胡东,1
huang_he_xiang,黄鹤翔,1
huang_xiao_juan,黄晓娟,2
huo_feng,火风,1
cao_xi_wen,曹曦文,1
cheng_fang_yuan,成方圆,1
cai_dan_zhuo_ma,才旦卓玛,1
jin_xue_feng,金学峰,1
jing_yi_dan,敬一丹,1
ju_hao,句号,1
jin_zhu,金珠,1
jiang_hong_bo,姜鸿波,1
jiang_chao,姜超,1
ji_ru_jing,纪如璟,1
chen_xiao_xu,陈晓旭,1
cui_yong_yuan,崔永元,1
jiang_kun,姜昆,1
jiang_meng_jie,蒋梦婕,1
zhang_xiao_chen,张晓晨,1
zhang_han_yun,张含韵,1
zhang_liang_ying,张靓颖,2
liu_fang_fei,刘芳菲,2
miao_yi_yi,苗乙乙,1
lian_yi_ming,连奕名,1
liu_yan,柳岩,1
ma_ya_shu,马娅舒,1
mei_jia,眉佳,1
ma_ji,马季,1
lan_qin,蓝沁,1
zhao_zhong_xiang,赵忠祥,1
zhang_jing_xuan,张敬轩,1
jiang_xiao_han,蒋小涵,1
jin_bo,金波,1
zhao_wen_zhuo,赵文卓,1
zhou_jie,周杰,1
lu_jian,鲁健,1
ling_xiao_su,凌潇肃,1
li_shuang_jiang,李双江,1
li_dan_yang,李丹阳,1
luo_qi,罗琦,1
lei_jia,雷佳,1
lv_ji_hong,吕继宏,1
li_xu_dan,李旭丹,1
pan_xing_yi,潘星谊,1
ding_xiao_han,丁霄汉,1
liu_ya_jin,刘亚津,1
lv_liang,吕凉,1
li_le,李乐,1
ni_rui_si,倪睿思,1
niu_ben,牛犇,1
ma_jian_qi,马剑棋,1
ma_jian_qin,马剑琴,1
pang_long,庞龙,1
li_qiong,李琼,1
zhu_jie,朱杰,1
sun_guo_qing,孙国庆,1
sun_zu_yang,孙祖杨,1
shen_chang,沈畅,1
ren_lu_yu,任鲁豫,1
qian_lin,钱琳,2
xiao_han,肖涵,1
qiu_xin_zhi,邱心志,1
qin_jun_jie,秦俊杰,1
suo_ni,索妮,1
shui_jun_yi,水均益,1
lv_wei,吕薇,2
li_qi,李琦,1
li_man,李曼,1
wei_bin,魏斌,1
wei_jia_qing,魏佳庆,1
wang_fan_rui,王凡瑞,1
lin_shuang,林爽,1
li_zhi_nan,李智楠,1
liang_zi_dan,梁紫丹,1
luo_yong_juan,罗永娟,2
lan_yi_bang,蓝奕邦,1
shang_wen_jie,尚雯婕,1
yuan_fei,袁菲,1
xu_ge_hui,许戈辉,1
xu_xi_yan,徐熙颜,1
xie_jun,谢军,1
shen_xiao_hai,沈晓海,1
chen_qiang,陈强,1
wang_fu_li,王馥荔,1
wang_zheng_zheng,汪正正,1
sui_jun_bo,隋俊波,1
shao_xiao_shan,邵小珊,1
shi_yan_fei,施艳飞,1
shi_sheng_jie,师胜杰,1
sheng_chao,盛超,1
sun_yi_xin,孙艺心,1
wu_ruo_fu,吴若甫,1
yao_di,姚笛,1
yi_yang,伊扬,1
yang_li_xin,杨立新,1
yu_jing,俞静,2
yu_fei_hong,俞飞鸿,1
yuan_zi_fei,原梓菲,1
xue_jia_ning,薛佳凝,1
yan_kun,严昆,1
wu_jian,吴健,1
niu_qing_feng,牛青峰,1
tu_song_yan,涂松岩,1
xin_bai_qing,辛柏青,1
guo_tao,郭涛,1
xia_li_xin,夏力薪,1
wu_yu_juan,伍宇娟,2
chen_jian_bin,陈建斌,1
xiu_qing,修庆,1
wu_wen_jing,吴文璟,1
shi_ke,史可,1
ma_su,马苏,1
niu_meng_meng,牛萌萌,1
ren_quan,任泉,1
li_bing_bing,李冰冰,1
yan_kuan,严宽,1
tang_yu_hong,唐于鸿,1
tang_yi_fei,唐一菲,1
xing_min_shan,邢岷山,1
tang_jie_zhong,唐杰忠,1
xiao_xiang_yu,小香玉,1
xu_hai_huan,许还幻,1
shen_ao_jun,沈傲君,1
tang_guo_qiang,唐国强,1
xiang_neng,向能,1
chang_rong,常戎,1
tian_shao_jun,田少军,1
luo_gang,罗刚,1
lu_jian_min,陆剑民,1
li_ting,李婷,2
lin_fang_bing,林芳兵,2
yan_xiao_pin,严晓频,1
wang_yu_zhang,王玉璋,1
xie_yuan,谢园,1
zhou_li_jing,周里京,1
hu_ya_jie,胡亚捷,1
ding_wu,丁武,1
kong_lin,孔琳,2
xiong_dai_lin,熊黛林,1
xu_yun,徐筠,1
yu_nan,余男,1
wang_xin_jun,王新军,1
shao_bing,邵兵,1
jie_xiao_dong,解小东,1
fan_bing_bing,范冰冰,1
zhou_xiao_bin,周小斌,1
zhang_dan_feng,张丹峰,1
zhou_lan,周岚,1
zhu_xiao_lin,朱晓琳,2
zheng_fan,郑凡,1
zhang_zhen_fei,张真菲,1
tan_fang_bing,谈芳兵,2
tang_chao,汤潮,1
zhao_jing,赵靓,1
han_ying,韩影,1
dai_jun,戴军,1
yan_dan_chen,颜丹晨,1
li_jie,李解,1
qin_hao,秦昊,1
zhu_ya_wen,朱亚文,1
wang_ning,王宁,1
qi_ji,戚迹,1
wen_zheng_rong,温峥嵘,1
feng_yuan_zheng,冯远征,1
hou_bao_lin,侯宝林,1
liang_dan_ni,梁丹妮,1
guo_da,郭达,1
zhang_xuan,张悬,1
xie_dong,谢东,1
zhang_ye,张也,1
zhang_qiu_ge,张秋歌,1
zhao_bao_le,赵宝乐,1
zu_hai,祖海,1
zhang_xing,张行,1
zhou_bing_qian,周冰倩,2
zhou_qun,周群,1
zhang_zheng_yong,张政勇,1
su_xiao_ming,苏小明,1
zheng_xiao_dong,郑晓东,1
zhang_qi_zheng,张起政,1
zhou_ming_shan,周明汕,1
zhang_lan_lan,张澜澜,1
zheng_guo_lin,郑国霖,1
shi_wei,时玮,1
zheng_yuan,郑源,1
zhao_ke,赵柯,1
zhou_xiao_ou,周晓鸥,1
zhang_zi_lin,张梓琳,2
zhao_pu,赵普,1
hai_qing,海清,1
hou_yong,侯勇,1
han_lei,韩磊,1
zhang_qiang,张蔷,1
zhu_jun,朱军,1
huang_lei,黄磊,1
zhang_zi_jian,张子健,1
huang_jian_xiang,黄健翔,1
gao_yuan_yuan,高圆圆,1
dong_yong,董勇,1
zheng_luo_qian,郑罗茜,1
zhao_tao,赵涛,1
ding_yong_dai,丁勇岱,1
li_kun_lin,李坤霖,1
yu_qing,俞晴,1
zhou_li,周莉,1
zhu_tie,朱铁,1
zhang_mai,张迈,1
zhao_liang,赵亮,1
zha_xi_dun_zhu,扎西顿珠,1
zhang_zi_chen,张梓宸,1
wang_shuang_bao,王双宝,1
ba_duo,巴多,1
zhao_qiang,赵强,1
zhu_hua,朱桦,1
tan_zhuo,谭卓,1
zheng_xu_lan,郑绪岚,1
zhang_mi,张咪,1
zhang_yan_yan,张琰琰,1
hou_gao_jun_jie,侯高俊杰,1
zhao_yang,赵阳,1
tang_can,汤灿,1
zhu_ming_ying,朱明瑛,1
a_duo,阿朵,1
liu_jin_shan,刘金山,1
zhang_lei,张磊,1
zhao_zi_hui,赵子惠,1
wang_li_ke,王力可,1
sun_hong_tao,孙洪涛,1
gan_ting_ting,甘婷婷,2
xu_jing_yao,徐菁遥,1
liang_jing_ke,梁镜珂,1
li_chong_xiao,李崇霄,1
liu_yun,刘芸,1
li_yue,李玥,1
li_nai_wen,李乃文,1
jiang_hong,姜鸿,1
sa_ding_ding,萨顶顶,1
liu_jun,刘钧,1
liu_zhi_bing,刘之冰,1
xiao_rong_sheng,肖荣生,1
feng_shao_feng,冯绍峰,1
cao_bing_kun,曹炳琨,1
lin_yong_jian,林永健,1
wan_qian,万茜,1
liao_jing_sheng,廖京生,1
yu_he_wei,于和伟,1
chen_jin,陈瑾,1
gu_zhi_xin,谷智鑫,1
dai_jiao_qian,戴娇倩,2
liu_xiao_ling_tong,六小龄童,1
zuo_xiao_qing,左小青,1
sa_ri_na,萨日娜,2
ge_you,葛优,1
fang_zi_ge,方子哥,1
fang_qing_zhuo,方青卓,1
xu_zheng,徐峥,1
wu_jing_an,吴京安,1
yu_xiao_wei,于小伟,1
jia_qing,贾青,1
cao_jun,曹骏,1
deng_guang_rong,邓光荣,1
chen_pei_si,陈佩斯,1
chang_kuan,常宽,1
che_xiao,车晓,1
he_mei_dian,何美钿,1
hu_jing_fan,胡靖钒,1
ding_zhi_cheng,丁志诚,1
de_de_ma,德德玛,1
bao_lei,鲍蕾,2
bai_yan_song,白岩松,1
xu_jing_lei,徐静蕾,2
wang_xue_qi,王学圻,1
wang_qing_xiang,王庆祥,1
zhao_yi,赵毅,1
zhao_hong_fei,赵鸿飞,1
jiang_shan,江珊,1
zhang_yi_mou,张艺谋,1
luo_jing,罗京,1
du_chun,杜淳,1
kang_hong_lei,康洪雷,1
yang_kun,杨坤,1
yu_shao_qun,余少群,1
zhang_ji_zhong,张纪中,1
cheng_tai_shen,成泰燊,1
chi_zhi_qiang,迟志强,1
fang_jing,方静,2
lv_yu_lai,吕玉来,1
yu_qian,于谦,1
gao_fei,高菲,1
juan_zi,涓子,1
xiong_nai_jin,熊乃瑾,1
hai_yi_tian,海一天,1
xi_mei_juan,奚美娟,2
li_yu_chun,李宇春,1
qi_xi,齐溪,1
zhou_bi_chang,周笔畅,1
zhu_shi_mao,朱时茂,1
chen_chong,陈冲,1
kang_hui,康辉,1
qu_ying,瞿颖,2
xie_na,谢娜,2
zhang_jie,张杰,1
zhu_zhu,朱珠,1
yan_qing_yu,阎青妤,1
li_ling,李羚,1
lu_qi,卢奇,1
gao_ming,高明,1
wu_jun,吴军,1
liu_bin,刘斌,1
li_yang,李扬,1
liu_jin,刘劲,1
zhang_guang_bei,张光北,1
shen_jun_yi,申军谊,1
cheng_yu,程煜,1
pan_yu_chen,潘雨辰,1
wang_zhi_fei,王志飞,1
xiao_shen_yang,小沈阳,1
wen_zhang,文章,1
xue_zhi_qian,薛之谦,1
hu_bing,胡兵,1
tan_li_na,谈莉娜,2
pan_hong_yue,潘虹樾,1
pan_chen,潘辰,1
yu_ke_wei,郁可唯,1
liu_xi_jun,刘惜君,1
zhang_yu_qi,张雨绮,1
hu_die,胡蝶,1
zhang_guo_li,张国立,1
ai_dai,爱戴,1
liu_shi_shi,刘诗诗,1
zhu_zi_xiao,朱梓骁,1
zhao_wei,赵薇,2
xu_qing,许晴,1
han_xiao,含笑,1
wu_xin,吴昕,1
hong_yan,洪雁,1
huang_zi_jia,黄子珈,1
xing_zhi_bin,邢质斌,1
lang_yong_chun,郎永淳,1
yu_jun_jian,郁钧剑,1
xie_run,谢润,1
zhao_zheng,赵峥,1
zhou_yun,周韵,1
wu_jia_ni,吴佳尼,1
wang_jin,王瑾,1
wu_qing_zhe,吴庆哲,1
wu_qian_qian,邬倩倩,2
wang_lei,王雷,1
sun_hao,孙浩,1
mao_jun_jie,毛俊杰,1
jing_tian,景甜,1
chen_chen,陈辰,1
che_yong_li,车永莉,1
chang_cheng,常铖,1
chai_jing,柴静,2
chen_ming,陈明,1
hang_tian_qi,杭天琪,1
huang_zhi_zhong,黄志忠,1
guo_zhi_jian,郭志坚,1
gong_bei_bi,龚蓓苾,1
fang_shu,方舒,1
dong_xuan,董璇,1
ding_hai_feng,丁海峰,1
zhao_ming_ming,赵明明,1
liang_tian,梁天,1
liu_yuan_yuan,刘园园,1
li_xiao_meng,李小萌,1
zhang_ru_yi,张如意,1
qian_yong_chen,钱泳辰,1
pu_ba_jia,蒲巴甲,1
fan_zhi_bo,范志博,1
li_xiao_lu,李小璐,2
zhou_zi_han,周子涵,1
zhang_xi_wen,张曦文,1
zhang_jia_ning,张佳宁,1
yao_gang,姚刚,1
xu_nan_nan,徐囡楠,1
sun_qiang,孙强,1
li_guang_fu,李光复,1
cui_bo,崔波,1
bi_yan_jun,毕彦君,1
li_yu,李彧,1
liu_pei_qi,刘佩琦,1
liang_jing,梁静,2
yang_mi,杨幂,1
ren_zhong,任重,1
wang_xiao_chen,王晓晨,1
liu_tao,刘涛,1
he_gang,贺刚,1
yu_bo,于波,1
wan_ni_en,万妮恩,1
zhan_jing_yi,战菁一,1
qi_xiao_xiao,祁潇潇,1
hao_bai_jie,郝柏杰,1
zhang_tong,张桐,1
xia_de_jun,夏德俊,1
zhang_ning_yi,张宁益,1
zhang_ling_xin,张龄心,1
ding_dang,丁当,1
liu_ye,刘烨,1
zheng_shuang,郑爽,1
gong_mi,贡米,1
liu_lin,刘琳,2
yang_jun_yi,杨俊毅,1
niu_qun,牛群,1
wang_zi_wen,王子文,1
an_you_qi,安又琪,1
yuan_quan,袁泉,1
ma_li_juan,马丽娟,2
fang_bin,房斌,1
liu_li_qi,刘立淇,1
han_yu_qin,韩雨芹,1
huang_xiao_lei,黄小蕾,2
sun_ning,孙宁,1
wang_xue_bing,王学兵,1
yao_xing_tong,姚星彤,1
fang_hong_jin,方宏进,1
da_bing,大兵,1
xiao_ke,小柯,1
yu_yang,于洋,1
xu_jian,徐箭,1
zhang_bo,张博,1
zhang_han,张翰,1
hao_lei,郝蕾,2
han_geng,韩庚,1
yang_zi,杨子,1
huang_sheng_yi,黄圣依,1
li_chen,李晨,1
su_xing,苏醒,1
zhou_qi_qi,周奇奇,1
hu_jing,胡静,2
yan_shun_kai,严顺开,1
li_nian,李念,1
wang_yan,王艳,1
sun_li,孙俪,1
li_bin,李滨,1
xie_jin,谢晋,1
huang_hai_bo,黄海波,1
zhong_zhen,钟真,1
shu_chang,舒畅,1
shi_xiao_qun,石小群,1
hong_jian_tao,洪剑涛,1
ning_dan_lin,宁丹琳,2
lu_chen,路晨,1
wu_yi,武艺,1
he_cheng_ming,何晟铭,1
chen_xiang,陈翔,1
zhou_li_bo,周立波,1
pan_wei,潘蔚,1
wang_luo_dan,王洛丹,1
ma_nuo,马诺,1
huan_zi,欢子,1
chen_wei_ting,陈伟霆,1
pan_shuang_shuang,潘霜霜,1
huang_qi_wen,黄琦雯,1
lin_peng,林鹏,1
yan_na,阎娜,2
di_ling,翟凌,1
wang_jun_di,王骏迪,1
li_cheng,李晟,1
zhao_ming,赵铭,1
liu_zhu,刘著,1
lv_pin,吕品,1
li_xi_rui,李溪芮,1
yang_zi_hua,杨子骅,1
bai_jing,白静,2
zu_feng,祖峰,1
fang_an_na,方安娜,2
zhang_yu_fei,张宇菲,1
luo_jing_min,罗京民,1
wang_zi_yi,王子义,1
zi_wei,紫薇,2
zhu_di,铢帝,1
zong_ping,宗平,1
zou_yuan_long,邹元泷,1
zhu_dong_ning,祝东宁,1
zou_jing_zhi,邹静之,2
zuo_ling,左翎,1
ma_run_sheng,马润生,1
zhu_lin,朱琳,2
zhu_shi_chun,朱时春,1
zhou_xiao_wen,周晓文,1
zhou_wei,周伟,1
bian_xiao_xiao,边潇潇,1
zhu_yuan_yuan,朱袁员,1
tan_song_yun,谭松韵,1
zhou_shi_dou,周视都,1
zhou_wei_tong,周韦彤,1
zhou_wen,周文,1
zhou_xiao_gang,周小刚,1
zhou_yao_wu,周耀武,1
huo_qing,霍青,1
liu_jia_jia,刘佳佳,1
zheng_fang_nan,郑方南,1
wei_zong_wan,魏宗万,1
zhao_chu_lun,赵楚仑,1
zhao_jin,赵劲,1
zhao_qian_yu,赵芊羽,1
zhao_xue_fei,赵雪妃,2
zhao_yi_sui,赵一穗,1
zheng_bang_yu,郑邦玉,1
wang_xin_hai,王心海,1
zheng_qi,郑奇,1
zheng_yu_zhi,郑毓芝,1
zhi_yi,支一,1
zhi_yi_tong,智一桐,1
zhou_bo,周波,1
zhou_lang,周朗,1
zhou_lei,周蕾,2
zhou_man,周曼,1
zhou_nan,周楠,1
zhou_mu_yin,周牧茵,1
zhou_mu_yang,周木杨,1
zhang_zi_en,张子恩,1
ning_cai,宁才,1
zhang_xiao_lei,张小磊,1
zhang_jin,张进,1
zhang_jing,张婧,1
zhang_li,张蠡,1
zhang_lin,张琳,2
zhang_lu,张鹭,1
zhang_lun,张伦,1
zhang_ming_jie,张明婕,1
zhang_ya_xi,张亚希,1
zhang_yan,张岩,1
zhang_yi_fan,张逸凡,1
zhang_yong_qiang,张永强,1
zhao_cheng_shun,赵成顺,1
zhang_duo_fu,张多福,1
zhang_rui,张睿,1
wang_tai_li,王太利,1
yue_li_na,岳丽娜,2
yue_yue,岳跃,1
zang_jin_sheng,臧金生,1
ceng_yun_zhen,曾韵蓁,1
di_wan_chen,翟万臣,1
di_wei,翟巍,1
di_xiao_xing,翟小兴,1
di_xu_fei,翟煦飞,1
zhang_feng,张峰,1
zhang_guo_qing,张国庆,1
zhang_hao_ran,张皓然,1
yuan_ye,袁野,1
yuan_zhi_bo,袁志博,1
yuan_ming,元明,1
yuan_mei,袁枚,1
yu_han_jiao,喻瀚湫,1
you_xiao_gang,尤小刚,1
yu_zheng,于正,1
yi_li,易莉,1
yin_yi_tong,阴奕彤,1
yin_ting_ru,殷亭如,1
you_li,由力,1
you_li_ping,由立平,1
you_ben_chang,游本昌,1
yu_le,于乐,1
yu_meng_long,于朦胧,1
yu_miao,余淼,1
yao_qian_yu,姚芊羽,1
liu_en_you,刘恩佑,1
ye_xiang_ming,叶项明,1
yang_yu_yu,杨渝渝,1
yang_yu,杨御,1
yang_zi_shan,杨子姗,1
yao_ju_de,姚居德,1
yao_lu,姚橹,1
yao_xin,姚鑫,1
ye_peng,叶鹏,1
wang_dan_ni,王丹妮,1
yi_chun_de,伊春德,1
yi_na,伊娜,2
yang_yang,杨阳,1
bi_chang,毕畅,1
yang_bo,杨波,1
yang_di,杨地,1
yang_dong,杨冬,1
yang_jin_cheng,杨金承,1
yang_jin_ming,杨进明,1
yang_luo_zi,杨洛姿,1
yang_ping_you,杨平友,1
yang_qiong,杨琼,1
yang_rong,杨蓉,1
yang_shang_jun,杨尚君,1
yang_shu_tian,杨树田,1
yang_tian_ning,杨天宁,1
yang_tian_yi,杨天乙,1
yang_ting_ting,杨婷婷,2
yan_po,鄢颇,1
yan_jie,闫婕,1
xu_jia,徐佳,1
xu_li,徐立,1
xu_sa,徐飒,1
xu_shuang,徐爽,1
xu_song_zi,徐松子,1
xu_wei_jun,徐炜钧,1
xu_xiao_li,徐啸力,1
xu_yao,徐垚,1
xu_ming_hu,许明虎,1
xu_song,许嵩,1
shen_teng,沈腾,1
an_hu,安琥,1
a_si_ru,阿斯茹,1
bian_yuan,边原,1
bi_ming_xin,毕铭鑫,1
bai_qing_lin,白庆琳,2
cui_yi,崔奕,1
chen_yan,陈彦,1
cui_lin,崔林,1
chen_zi_ying,陈姿颖,2
chen_jia_lin,陈家林,1
cui_zhi_gang,崔志刚,1
chen_kai_ge,陈凯歌,1
chen_guo_xing,陈国星,1
chen_yi_na,陈一娜,2
cui_zhe_ming,崔哲铭,1
cheng_zhi,程志,1
chen_hu,陈虎,1
chen_yi_heng,陈逸恒,1
cao_ke_fan,曹可凡,1
dong_qian,董倩,2
du_yuan,杜源,1
deng_jian_guo,邓建国,1
dou_xiao,窦骁,1
dong_yi,董艺,1
ding_liu_yuan,丁柳元,1
du_bin,杜斌,1
di_li_bai_er,迪里拜尔,1
da_zuo,大左,1
du_hai_tao,杜海涛,1
an_ze_hao,安泽豪,1
an_he_ni_ma,安赫尼玛,1
ai_shang_zhen,艾尚真,1
an_wen,安雯,1
ai_yi_liang,艾怡良,2
a_pu_sa_sa,阿普萨萨,1
a_mu_long,阿穆隆,1
ai_dong,艾东,1
ai_lun,艾伦,1
a_lu_a_zhuo,阿鲁阿卓,1
ai_xiao_qi,艾晓琪,1
a_nan,阿楠,1
bao_bei_er,包贝尔,1
bai_en,白恩,1
bai_kai_nan,白凯南,1
bai_ke_li,百克力,1
bao_tian_qi,鲍天琦,1
bai_cheng_jun,柏程俊,1
ba_tu,巴图,1
bai_ju_gang,白举纲,1
bin_zi,斌子,1
bai_shu,白澍,1
bai_fan,白凡,1
bai_ming_jian,白铭健,1
bai_xu_xu,柏栩栩,1
bai_wei,白微,1
bao_wen_jing,包文婧,1
bai_hui_zi,白卉子,1
bai_ruo_xi,白若溪,1
bai_yi_hong,白一弘,1
bai_bai_he,白百何,1
bo_hong,博弘,1
bai_ru,白茹,1
bai_zhi_di,白志迪,1
bai_yu,白玉,1
chen_wen_qi,陈文淇,1
chi_jia,迟佳,1
chen_li_na,陈丽娜,2
cao_lu,曹璐,2
chen_wang_lin,陈旺林,1
cui_peng,崔鹏,1
chen_shan_shan,陈姗姗,1
chen_zhen_xi,陈真希,1
cai_gang,蔡纲,1
cao_zheng,曹征,1
chen_ye,陈烨,1
chen_xi,陈曦,1
cao_yuan,曹苑,1
chen_si_cheng,陈思诚,1
chen_chang_kuang,陈昌旷,1
chi_shuai,迟帅,1
chen_wei_han,陈维涵,1
cai_die,蔡蝶,1
chang_si_si,常思思,1
chen_song,陈松,1
cao_yang,曹阳,1
cheng_shi_jia,程诗迦,1
ceng_yong_ti,曾泳醍,1
chang_fang_yuan,常方源,1
cheng_lei,程雷,1
chen_yi_xin,陈怡馨,2
chen_mei_xing,陈美行,1
chen_zhao_rong,陈昭荣,1
cai_yuan_hang,蔡远航,1
cheng_hao_feng,程皓枫,1
chen_li,陈莉,1
chen_zhao_zhao,陈昭昭,1
chen_qian_qian,陈芊芊,1
chen_dan_ting,陈丹婷,2
chen_juan_er,陈娟儿,2
cheng_li_sha,程莉莎,1
cai_hang,蔡珩,1
chen_chuang,陈创,1
cui_zhi_jia,崔志佳,1
chen_dou_ling,陈都灵,1
chang_jing_ru,常景如,1
cai_lu,蔡鹭,1
chen_rong,陈蓉,1
chen_zi_yi,陈姿伊,1
chen_zhi_xi,陈祉希,1
chen_heng,陈恒,1
chang_bo,常波,1
cao_wei_yu,曹卫宇,1
cheng_xiao,程潇,1
chen_yi_long,陈奕龙,1
cao_ke_nan,曹克难,1
chai_wei,柴蔚,1
chi_cheng,池程,1
cheng_ye,程野,1
cao_yan_yan,曹艳艳,1
cheng_su,程愫,1
cao_yan,曹艳,1
chen_di_wen,陈帝文,1
cheng_si_han,程思寒,1
chen_li_ming,陈黎明,1
cong_hao_nan,丛浩楠,1
cheng_cheng,程诚,1
chen_bing_qiang,陈炳强,1
cai_wen_jing,蔡文静,2
chi_peng,迟蓬,1
cai_jun_tao,蔡俊涛,1
chen_ya_ting,陈雅婷,2
chi_li_jing,迟立静,2
chen_si_si,陈思斯,1
cui_man_li,崔漫莉,1
chen_ji_ming,陈继铭,1
cheng_yong,程雍,1
chen_yi_nuo,陈一诺,1
chen_xing_xu,陈星旭,1
cao_hai_jun,曹海军,1
cao_fei_fei,曹飞飞,1
chu_xiao_lei,储小蕾,2
chang_yuan,常远,1
chen_xiao_nuo,陈筱诺,1
cheng_yan_qiu,程砚秋,1
chen_fei,陈菲,1
chen_xiao,陈晓,1
cui_xin_xin,崔心心,1
chen_zheng,陈铮,1
du_zhe_yu,杜哲宇,1
du_xu_dong,杜旭东,1
ding_yu_chen,丁宇辰,1
du_yu_ming,杜玉明,1
dai_quan,戴荃,1
deng_jie,邓捷,1
du_wei_han,杜维瀚,1
dai_xu,代旭,1
dong_zhen,董贞,1
dai_wen_wen,代文雯,1
du_ruo_xi,杜若溪,1
du_jiang,杜江,1
ding_ding,丁丁,1
deng_ning,邓宁,1
dong_cheng_peng,董成鹏,1
deng_zi_yi,邓紫衣,1
duo_liang,多亮,1
deng_sha,邓莎,1
ding_yang,丁洋,1
yin_xu,殷旭,1
deng_lun,邓伦,1
dou_wen_tao,窦文涛,1
dai_le_le,代乐乐,1
du_shi_wu,杜十五,1
deng_an_qi,邓安奇,1
dong_yue,董玥,1
duan_jing,段静,2
diao_lin_lin,刁琳琳,2
ding_jian_jun,丁建钧,1
dan_yang_guang,单阳光,1
deng_tian_qing,邓天晴,1
dong_zi_wu,董子武,1
dai_yun_xia,戴云霞,2
dai_jia_jia,戴佳佳,1
deng_wen_xin,邓雯心,1
dong_hao,董浩,1
dang_hao,党昊,1
du_xiang,杜相,1
dai_xiang_yu,戴向宇,1
dong_ke_fei,董可飞,1
du_jun_ze,杜俊泽,1
dong_qing,董晴,1
dong_ni_na,董妮娜,2
du_yu_chen,杜雨宸,1
dong_zi_jian,董子健,1
dong_chun_hui,董春辉,1
dong_qi,董琦,1
du_ning_lin,杜宁林,1
du_yin_wei,杜胤伟,1
fan_peng_fei,范朋飞,1
fu_jia,傅迦,1
feng_hai_yu,冯海煜,1
fang_zi_bin,房子斌,1
fang_fang,方芳,2
fu_mei,付枚,1
feng_li,冯粒,1
feng_wen_juan,冯文娟,2
fan_chun_xia,范春霞,2
fang_yi_lun,方逸伦,1
fan_lei,范雷,1
fang_yuan,方圆,1
feng_jing_en,冯静恩,2
fan_ming,范明,1
fu_meng_ni,付梦妮,1
fu_long_fei,符龙飞,1
fan_fan,樊凡,1
fu_tian_jiao,傅天骄,1
fu_yi_wei,傅艺伟,1
fan_shi_qi,范世錡,1
fu_miao,傅淼,1
fang_qiong,方琼,1
feng_jia_qi,封佳奇,1
feng_dan_ying,冯丹滢,1
pan_qian_qian,潘倩倩,2
fan_jin_lin,樊锦霖,1
fan_yu_lin,范雨林,1
feng_jia_yi,冯嘉怡,2
feng_bo,冯波,1
feng_lei,冯雷,1
fan_hao_lun,樊昊仑,1
feng_guo_qing,冯国庆,1
feng_guo_qiang,冯国强,1
fan_rui,樊蕊,1
fu_cheng_peng,傅程鹏,1
fei_wei_ni,费伟妮,1
feng_yue,冯越,1
feng_jing,冯婧,1
fang_qing_ping,方清平,1
fang_xiao_li,方晓莉,1
gai_ke,盖克,1
guo_jin_jie,郭金杰,1
guo_guang_ping,郭广平,1
guo_dong_wen,郭东文,1
guo_xiao_dong,郭晓东,1
gong_zheng_nan,宫正楠,1
gao_fa,高发,1
guan_yue,管乐,1
gong_xiao_xuan,宫筱轩,1
gong_xiao_rong,巩小榕,1
geng_le,耿乐,1
guo_zhen_jia,郭振迦,1
guo_chang_hui,郭常辉,1
guo_jia_hao,郭家豪,1
guan_shao_ceng,关少曾,1
guan_ya_jun,关亚军,1
ge_shan_shan,葛珊珊,1
guo_qiu_cheng,郭秋成,1
gu_yan,顾艳,1
gong_zheng,巩峥,1
gao_wei_guang,高伟光,1
ge_zi_ming,葛子铭,1
guo_hao_lun,郭昊伦,1
guan_si_ting,关思婷,2
gui_ya_lei,归亚蕾,2
guo_jing_fei,郭京飞,1
gong_yue_fei,龚玥菲,1
guan_zhe,关喆,1
gao_xiao_song,高晓松,1
gong_lin_na,龚琳娜,2
gu_you_ming,顾又铭,1
gao_tian,高天,1
gao_qiang,高强,1
gao_yang,高洋,1
gao_yu,高宇,1
gao_lu,高露,1
gao_shu_guang,高曙光,1
guo_jing_lin,果静林,2
gao_bao_bao,高宝宝,1
gu_zhang_wei,顾长卫,1
gan_wei,甘薇,2
guo_xiao_ran,郭晓然,1
gao_si,高斯,1
gao_hao,高昊,1
gao_sheng_yuan,高圣远,1
guo_xiao_ting,郭晓婷,2
gao_xin,高鑫,1
gao_xin_di,高歆迪,1
gao_yi_wei,高一玮,1
gao_yang_qi,高扬棋,1
gao_ting_ting,高婷婷,2
gao_bei_bei,高蓓蓓,1
gao_yi_tong,高一童,1
gao_bo,高博,1
guan_ting_na,关婷娜,2
ge_tian,葛天,1
gan_lu_lu,干露露,1
gu_li_na_zha,古力娜扎,2
guo_rui_xi,郭芮溪,1
gu_yong_fei,顾永菲,1
guan_xiao_tong,关晓彤,1
guan_ling,关凌,1
guo_xiao_feng,郭晓峰,1
gao_xiao_pan,高晓攀,1
huang_zhao_han,黄兆函,1
hu_bing_qing,胡冰卿,1
huang_jian_xin,黄建新,1
he_wen_hui,何文辉,1
hao_ping,郝平,1
han_dong_jun,韩东君,1
hao_rong_guang,郝荣光,1
hou_yan_song,侯岩松,1
he_he,何翯,1
he_shu_feng,贺树峰,1
he_hao_yang,何昊阳,1
he_du_juan,何杜娟,2
han_ye,韩烨,1
hu_cai_hong,胡彩虹,1
hou_jun_cheng,侯俊丞,1
han_xue_wei,韩雪薇,2
hou_yi_di,侯伊荻,1
huang_he,黄河,1
he_hong_shan,何泓姗,1
he_ming_han,何明翰,1
hu_xiao_ting,胡小庭,1
hou_chuan_gao,侯传杲,1
he_sui,何穗,1
zheng_qing_wen,郑清文,1
han_dong,韩栋,1
hong_chen,洪辰,1
hai_lu,海陆,1
hou_ming_hao,侯明昊,1
hou_tian_lai,侯天来,1
he_yan_ni,何彦霓,1
han_yi_fei,韩一菲,1
he_zi_ming,赫子铭,1
han_tong_sheng,韩童生,1
hao_luo_fan,郝洛钒,1
huo_zheng_yan,霍政谚,1
han_wen_wen,韩雯雯,1
huo_zun,霍尊,1
huang_xi_bei,黄夕倍,1
hu_wen,胡雯,1
hou_xiao,侯晓,1
hu_ying_yi,胡影怡,2
huang_man,黄曼,1
han_qing,韩青,1
hao_hao,郝好,1
hai_ming_wei,海明威,1
huang_yi_lin,黄一琳,2
hong_lian_cheng,洪连城,1
jiang_yang_zhuo_ma,降央卓玛,1
jiang_da_wei,蒋大为,1
jiang_yi_yi,蒋依依,1
ji_ke_juan_yi,吉克隽逸,1
jiang_zheng_yang,姜正阳,1
jiang_ming_yang,江明洋,1
jing_chao,经超,1
jiang_xiao_chong,姜晓冲,1
jiang_fan,姜帆,1
jiang_li_li,姜黎黎,1
jin_yi_fan,金一帆,1
jian_ren_zi,菅韧姿,1
jiang_yi_shan,蒋依杉,1
jia_yan_long,贾延龙,1
ji_ning,纪宁,1
jiang_feng,姜峰,1
jiang_tao,江涛,1
jiang_yi_sheng,姜艺声,1
jin_xin,金鑫,1
ji_yong_qing,纪永清,1
jin_shi_jia,金世佳,1
jin_zhi_wen,金志文,1
jiang_kai_tong,江铠同,1
jin_chi,金池,1
jing_gang_shan,景岗山,1
jiao_jun_yan,焦俊艳,1
jia_xiao_chen,贾晓晨,1
jia_jing_hui,贾景晖,1
jiang_rui_jia,姜瑞佳,1
jiang_yi_jia,江易珈,1
jiang_lin_jing,蒋林静,2
zhao_li_juan,赵丽娟,2
jiang_lu_xia,蒋璐霞,2
ji_chen,季晨,1
jie_hui_qing,解惠清,1
jing_hao,荆浩,1
jin_feng,金丰,1
jin_yu_ting,金玉婷,2
ji_ta,姬他,1
ju_wen_pei,居文沛,1
han_qing_zi,阚清子,1
liu_po_xiao,刘泊潇,1
li_hui,李卉,1
lv_yi,吕一,1
liu_shuo,刘硕,1
li_yan_bing,李艳冰,1
li_yu_xuan,李雨轩,1
liu_qing,刘青,1
liu_li,刘立,1
li_cui_cui,李翠翠,1
lei_ke_sheng,雷恪生,1
li_hong_liang,李泓良,1
liu_yi_jun,刘奕君,1
lin_yuan,林源,1
liu_tian_zuo,刘天佐,1
li_bei_lei,李蓓蕾,2
liu_guan_xiang,刘冠翔,1
liu_wei,刘维,1
liang_da_wei,梁大维,1
liao_xue_qiu,廖学秋,1
liu_zi_he,刘子赫,1
liu_jian,刘鉴,1
li_yu_ze,李雨泽,1
li_xin_yue,李昕岳,1
liu_yue,刘岳,1
liu_qi,刘骐,1
liu_nai_yi,刘乃艺,1
lu_peng,陆彭,1
luo_wei,洛葳,1
liu_bai_xi,刘柏希,1
lin_yun,林允,1
lei_mu,雷牧,1
lei_nuo_er,雷诺儿,1
li_meng_ying,李梦颖,2
liu_mu,刘牧,1
li_hao_zhen,李昊臻,1
li_hong_tao,李洪涛,1
li_tai_yan,李泰延,1
liu_ying,刘滢,1
liu_fu_ling,刘芙伶,1
li_jian,李健,1
liu_zhen_jun,刘真君,1
liu_cong_dan,刘丛丹,1
liu_zhang_de,刘长德,1
lin_jia_chuan,林家川,1
liu_xiao_feng,刘小峰,1
liu_na_ping,刘娜萍,2
lin_xiao_fan,林晓凡,1
li_shun,李舜,1
liu_ming_yang,刘名洋,1
li_jin_rong,李进荣,1
liu_zi_ming,刘紫鸣,1
lai_xi,来喜,1
li_qiang,李强,1
liu_duan_duan,刘端端,1
long_yi_yi,龙一一,1
liang_lin_lin,梁林琳,2
liu_zhi_xi,刘芷汐,1
lin_geng_xin,林更新,1
lou_yi_xiao,娄艺潇,1
liu_meng_meng,刘萌萌,1
liu_zi,刘孜,1
li_jin_ming,李金铭,1
liu_li_yang,刘力扬,1
xiao_li_lin,小李琳,2
lang_lang,郎朗,1
li_dai_mo,李代沫,1
li_jia,李佳,1
li_xi_er,李羲儿,1
li_xing_liang,李行亮,1
liang_bo,梁博,1
li_dong_xue,李东学,1
liu_xin,刘忻,1
li_tai,李泰,1
li_jia_lu,李佳璐,2
li_yi_xiao,李依晓,1
liu_wen,刘雯,1
li_yi_juan,李宜娟,2
lei_jia_yin,雷佳音,1
li_yi_xin,李依馨,1
li_xin_yi,李芯逸,1
lin_yi_ting,林伊婷,2
liu_si_yan,刘思言,1
lin_hao,林好,1
li_xiao_ning,李肖宁,1
li_si_dan_ni,李斯丹妮,1
luo_jin,罗晋,1
lu_han,鹿晗,1
lv_xia_wei,吕夏葳,1
lan_xi,斓曦,1
liu_xiao_xiao,刘小小,1
li_yu_er,李雨儿,1
he_dan_dan,贺丹丹,1
liu_li_li,刘莉莉,1
li_meng,李梦,1
li_ting_zhe,李亭哲,1
li_xin_yu,李鑫雨,1
liu_ting_yu,刘庭羽,1
lv_jia_rong,吕佳容,1
li_jing_jing,李菁菁,1
li_ming_qi,李明启,1
liu_jing,刘婧,1
liang_yi_xin,梁艺馨,1
li_meng_nan,李梦男,1
ying_er,颖儿,2
liu_li_wei,刘立伟,1
li_sha,李莎,1
lu_xing_yu,卢星宇,1
li_wen_wen,李雯雯,1
liao_xiao_qin,廖晓琴,1
lu_fei,芦菲,1
li_ge,李歌,1
lu_zhuo_jie,卢卓婕,1
li_shi_peng,李世鹏,1
li_jian_yi,李建义,1
li_dong_han,李东翰,1
li_cheng_ru,李成儒,1
lu_si_si,卢思思,1
li_jia_xin,李佳芯,1
lv_yi_ding,吕一丁,1
meng_ge,梦鸽,1
ma_cheng_cheng,马程程,1
ma_he_yao,马赫遥,1
ma_jie,马捷,1
miao_qing,苗青,1
ma_he,马赫,1
ma_yu_ke,马浴柯,1
ma_xiang_yi,马湘宜,1
ma_shao_hua,马少骅,1
ma_jing,马境,1
meng_ting_yi,蒙亭宜,1
ma_dan_ni,马丹旎,1
ma_dong_yan,马东延,1
mou_xing,牟星,1
min_chun_xiao,闵春晓,1
ma_wei,马薇,2
ma_zi_han,马梓涵,1
ma_rui,马睿,1
meng_xia,孟霞,2
tao_luo_yi,陶珞依,1
mi_re,米热,1
meng_zhao_zhong,孟召重,1
ma_wei_fu,马维福,1
mu_ting_ting,穆婷婷,2
mo_xiao_qi,莫小棋,1
mu_dan,母丹,1
meng_qian,孟茜,1
meng_wei,孟蔚,1
ma_ling,马羚,1
ma_jing_han,马敬涵,1
mou_jie,缪杰,1
mao_xiao_tong,毛晓彤,1
ma_si_chun,马思纯,1
miao_hai_zhong,苗海忠,1
mou_jun_jie,缪俊杰,1
ma_kai_man,马恺曼,1
miao_liang,苗亮,1
mai_di_na,麦迪娜,2
ma_xiao_wei,马晓伟,1
na_jia_wei,那家威,1
niu_jun_feng,牛骏峰,1
niu_bei_ren,牛北壬,1
nie_xin,聂鑫,1
ni_da_hong,倪大宏,1
ni_jing_yang,倪景阳,1
na_yi_sha,纳伊莎,1
peng_jing,彭静,2
peng_bo,彭博,1
ping_an,平安,1
pan_shi_qi,潘时七,1
pu_bing_mo,蒲冰墨,1
peng_yang,彭杨,1
pan_zhi_lin,潘之琳,2
pan_jie,潘婕,1
qu_jing_jing,屈菁菁,1
qin_zi_yue,秦子越,1
qian_bo,钱波,1
qin_wei_dong,秦卫东,1
qiao_zhen_yu,乔振宇,1
qu_yue,屈玥,1
qian_feng,钱枫,1
qin_yan,秦焰,1
qi_qian_jun,齐千郡,1
qi_kui,齐奎,1
qiao_da_wei,乔大韦,1
qu_wan_ting,曲婉婷,2
ren_zheng_bin,任正彬,1
ruan_sheng_wen,阮圣文,1
rong_rong,荣蓉,1
ren_shan,任山,1
ren_shuai,任帅,1
ren_dong_lin,任东霖,1
ran_qian,冉倩,2
rui_wei_hang,芮伟航,1
ren_tian_ye,任天野,1
song_zu_er,宋祖儿,1
shi_xiao_man,石小满,1
sui_yong_liang,隋咏良,1
shu_yan,舒砚,1
song_yun_hao,宋允皓,1
song_yi,宋轶,1
song_hai_jie,宋海颉,1
sun_chen_yao,孙晨耀,1
song_min_yu,宋珉宇,1
shen_tao_ran,沈陶然,1
si_xuan,思漩,1
shao_wen,邵汶,1
sun_bo,孙波,1
si_yuan,司源,1
shi_an_ni,石安妮,1
sun_zhi_hong,孙之鸿,1
shi_jing_ming,施京明,1
shao_tong,邵桐,1
song_qing,宋庆,1
sun_song,孙松,1
shi_bing,史冰,1
su_mao_yang,苏茂洋,1
shi_shi,施诗,1
si_qin_gao_wa,斯琴高娃,1
sun_yi_zhou,孙艺洲,1
sui_ming_yang,隋名旸,1
sun_jia_qi,孙佳奇,1
sun_jian,孙坚,1
shen_chun_yang,沈春阳,1
sun_qian,孙茜,1
shen_tai,沈泰,1
sun_peng_bin,孙鹏滨,1
shi_xing_yu,释行宇,1
li_hao_han,李昊瀚,1
su_jin,苏瑾,1
song_ning,宋宁,1
song_xiao_bao,宋小宝,1
song_qian,宋茜,1
sun_yi,孙铱,1
shi_tian_qi,石天琦,1
su_qing,苏青,1
shi_liang,石凉,1
song_yang,宋洋,1
sun_yan,孙岩,1
shang_tian_tong,尚天瞳,1
sun_yi_mu,孙亦沐,1
shi_yu,施羽,1
tang_xin,唐昕,1
tian_zheng,田征,1
tan_bo_lin,谭渤霖,1
tang_ceng,唐曾,1
tao_shuai,陶帅,1
tong_fei,童菲,1
tian_yuan,田源,1
tang_yi_nuo,唐以诺,1
tan_yang,谭洋,1
tong_yi_dan,童一丹,1
tao_yang,陶洋,1
tao_yu_jia,陶宇佳,1
tang_xi,唐熙,1
tian_zhong,田重,1
tian_liang,田亮,1
er_ma_yi_na,尔玛依娜,2
tian_pu_jun,田朴珺,1
tian_zi_tian,田子田,1
tan_kai,谭凯,1
tao_fei_fei,陶飞霏,1
tang_fei,汤非,1
tang_jing,唐静,2
tang_jian_jun,唐鉴军,1
tang_yi_xin,唐艺昕,1
tao_xin_ran,陶昕然,1
tian_lu,田璐,2
wang_li,王莉,1
wang_dong,王东,1
wang_jun_kai,王俊凯,1
wang_chuang,王闯,1
wang_chun_yuan,王春元,1
wang_yan_lin,王彦霖,1
wen_zhuo,文卓,1
wang_zheng,王铮,1
wei_wei,魏巍,1
wu_yang,吴恙,1
wang_ruo_han,王若涵,1
wang_hao_jun,王浩钧,1
wang_qing,王晴,1
wang_xiao_bao,王小宝,1
wu_hai_tang,吴海棠,1
wang_tong_hui,王同辉,1
wang_qian_yi,王倩一,2
wang_wei_zhi,王韦智,1
wang_jun_peng,王俊彭,1
wang_xin_yao,王鑫尧,1
wang_jian_xin,王建新,1
wu_chao,吴超,1
wang_xi_chao,汪汐潮,1
wang_sen,王森,1
wang_tao,王韬,1
wang_jun_ping,王君平,1
wu_jin_xi,吴谨西,1
wang_pei,汪裴,1
wan_pei_xin,万沛鑫,1
wang_wei_guang,王伟光,1
wang_jing_chun,王景春,1
wang_wei,王伟,1
wu_zi_tong,吴紫彤,1
wang_yi_dan,王翊丹,1
wang_ting,王汀,1
wang_xin,王新,1
wang_quan_you,王全有,1
wang_xiao,王骁,1
wang_le_jun,王乐君,1
wang_he_ming,王鹤鸣,1
wu_gang,巫刚,1
wang_jun_yi,王骏毅,1
wang_yang,王阳,1
wang_lan,王澜,1
wan_hong_jie,万弘杰,1
wang_chang_e,王昌娥,1
wei_qian_xiang,魏千翔,1
wang_zheng_liang,王铮亮,1
wang_chuan_jun,王传君,1
wang_zhi,王智,1
wu_jing,吴竞,1
wang_xi_wei,王希维,1
wu_hong_wu,武洪武,1
wang_li_xin,王栎鑫,1
wen_meng_yang,文梦洋,1
wen_xin,温心,1
wang_ke,王珂,1
wang_di,王笛,1
wu_jing_yi,吴静一,2
wang_meng_li,王萌黎,1
wang_peng_kai,王鹏凯,1
wang_zi_zi,王子子,1
wang_hui_chun,王绘春,1
wei_yi,魏伊,1
wang_jian_fu,王建福,1
wang_yi_nan,王一楠,1
wang_xiao_li,王小利,1
wang_bo_gu,王博谷,1
wei_da_xun,魏大勋,1
wu_di_wen,巫迪文,1
wang_kai,王凯,1
wan_si_wei,万思维,1
wang_wen_jie,王文杰,1
wu_zhuo_han,吴卓翰,1
wu_ting,吴婷,2
wang_li_wen,王黎雯,1
li_si_si,李思思,1
wang_zi_tong,王紫潼,1
wang_kui_rong,王奎荣,1
wang_si_si,王思思,1
wu_dai_ning,吴岱凝,1
wang_shuang,王双,1
wu_jing_jing,邬靖靖,1
wei_lai,卫莱,1
wang_qiang,王强,1
wang_chao,王超,1
wang_xiao_wei,王小玮,1
wang_jun_he,王钧赫,1
wang_pan_pan,王盼盼,1
wang_xi_zhi,王希之,1
wang_yu_man,王语嫚,1
wang_xuan_yi,王泫伊,1
wang_wan_juan,王婉娟,2
wang_ya_bin,王亚彬,1
wang_ruo_xin,王若心,1
wang_ou,王鸥,1
wang_hai_xiang,王海祥,1
wang_zi_nuo,王梓诺,1
wu_chu,吴楚,1
wang_mao_lei,王茂蕾,2
wei_bing_hua,魏炳桦,1
wu_li_peng,邬立朋,1
wang_zi_xuan,王紫璇,1
xie_jia_yu,谢佳妤,1
xu_seng,徐僧,1
xia_tian,夏添,1
xie_shuai,谢帅,1
xu_xiu_lin,徐秀琳,2
xu_hai_qiao,徐海乔,1
xu_wei,徐唯,1
xu_kai_cheng,徐开骋,1
xia_hou_bin,夏侯镔,1
xuan_lu,宣璐,2
xu_guang,徐光,1
xing_jia_dong,刑佳栋,1
xiao_ting_jia,肖婷佳,2
xiao_yin,肖茵,1
xu_guang_yu,徐光宇,1
xu_liang,徐良,1
xie_nan,谢楠,1
xu_lu,徐露,1
xu_zi_wai,徐子崴,1
xia_fan,夏凡,1
xin_zhi_lei,辛芷蕾,2
xu_zheng_xi,徐正曦,1
xin_zi,馨子,1
xu_qi_wen,徐麒雯,1
xie_miao,谢苗,1
yu_ai_lei,余皑磊,1
xu_yi_ruo,徐以若,1
xie_zi_bin,谢梓彬,1
xu_ge,许歌,1
xie_meng_wei,谢孟伟,1
yang_zi_mo,杨梓墨,1
yu_xiao_lei,于小磊,1
you_jing_ru,尤靖茹,1
yuan_xin_yu,苑新雨,1
yuan_yi_xin,袁乙心,1
yu_qing_bin,于青斌,1
yin_ye_zi,殷叶子,1
ya_dan,丫蛋,1
yue_yang,岳旸,1
yu_hai,于海,1
yang_jing_ru,杨净如,1
yu_ting_er,雨婷儿,2
yin_hang,尹航,1
yang_qing,杨青,1
yan_shi_kui,颜世魁,1
yu_yue,余玥,1
yang_le,杨玏,1
yuan_yuan,袁苑,1
yan_yi_kuan,严屹宽,1
ning_wen_tong,宁文彤,1
yang_xin_ming,杨新鸣,1
ying_hao_ming,应昊茗,1
yang_shu,杨舒,1
yang_yi_tong,杨壹童,1
yang_ya,杨亚,1
yang_rui,杨蕊,1
yang_qi_ming,杨奇鸣,1
yi_yang_qian_xi,易烊千玺,1
ye_zi_qi,叶子淇,1
yang_zhi_gang,杨志刚,1
ye_jing,叶静,2
yang_shu_ting,杨舒婷,2
yu_xiao_tong,于小彤,1
yu_zhen,于震,1
yuan_yu,原雨,1
yan_wei_wen,阎维文,1
yi_yi,伊一,1
yang_ji_ma,央吉玛,1
yu_yong_lin,于咏琳,2
ye_qing,叶青,1
yu_xiao_guang,于晓光,1
yang_yu_ting,杨雨婷,2
yang_zi_tong,杨紫彤,1
yu_si_lu,余思潞,1
yao_zhuo_jun,姚卓君,1
yang_kai_chun,杨凯淳,1
yang_shuo,杨烁,1
yin_zheng,尹正,1
yu_yi,于毅,1
yin_zhu_sheng,尹铸胜,1
yi_shan,衣珊,1
yao_an_lian,姚安濂,1
zhou_hao_dong,周浩东,1
zhang_hao_tian,张浩天,1
zhang_yi_wen,张译文,1
zhang_ruo_yun,张若昀,1
zhang_zi_wen,张子文,1
zhang_ming_jian,张明健,1
zhang_cheng_yang,张承阳,1
zou_jun_bai,邹俊百,1
zhang_shu,张澍,1
zhu_zi_wen,朱紫汶,1
zhao_jun,赵君,1
zhang_tie_lin,张铁林,1
zhuang_zi,庄紫,1
di_tian_lin,翟天临,1
zhu_jia_xi,朱佳希,1
zhang_zhe_ren,张哲人,1
zhao_jiu_yi,赵久毅,1
zhao_xiao_tian,赵小天,1
zhang_zheng,张筝,1
zhao_hui_nan,赵会南,1
zhang_yi_qian,张艺骞,1
zhang_chen,张琛,1
zhuang_xin,庄馨,1
zhu_sheng_yi,朱圣祎,1
zhang_mo_xi,张墨锡,1
zhou_zhi,周知,1
zhang_bao_wen,张宝雯,1
zhang_yong_da,张永达,1
zhang_chun_nian,张春年,1
zhang_yi_jie,张逸杰,1
zhao_yi_xin,赵毅新,1
zhong_chu_xi,钟楚曦,1
zhou_pu,周璞,1
zuo_jin_zhu,左金珠,1
zhao_zhao,赵兆,1
zheng_ye_cheng,郑业成,1
zheng_kai,郑恺,1
zhu_gang_ri_yao,朱刚日尧,1
zhou_ye_mang,周野芒,1
zhang_wen,张雯,1
ceng_hong_chang,曾虹畅,1
zhu_zi_yan,朱子岩,1
zhou_hang,周航,1
zhang_yong_gang,张永刚,1
zhan_xiao_nan,詹小楠,1
chu_shuan_zhong,褚栓忠,1
zhao_heng_xuan,赵恒煊,1
zhao_chun_yang,赵纯阳,1
zhang_hong_rui,张洪睿,1
zhang_bin_bin,张彬彬,1
zhang_ying,张鹰,1
zhang_xin_yi,张歆怡,2
zhao_qin,赵秦,1
zhu_yi_long,朱一龙,1
zhang_pei,张培,1
zhang_zhe_han,张哲瀚,1
zheng_hao,郑昊,1
zhang_meng,张萌,1
zhou_ting_yi,周庭伊,1
zhou_fang,周放,1
zhang_wei,张玮,1
zhao_yi_huan,赵奕欢,1
zhang_xin_yuan,张辛苑,1
zhang_liang,张亮,1
zhang_zhi_xi,张芷溪,1
zhang_wei_na,张维娜,2
zhang_xi_lin,张晞临,1
zhang_yang,张旸,1
zhu_wen_xi,朱玟晞,1
zhang_xiao_long,张晓龙,1
zhang_ling_zhi,章龄之,1
zhou_chu_chu,周楚楚,1
zhang_lu_yi,张鲁一,1
zhang_yi,张衣,1
zhang_ding_han,张定涵,1
zhou_mei_yi,周美毅,1
chen_hui_lin,陈慧琳,2
cai_qin,蔡琴,1
chen_si_han,陈司翰,1
chen_hua,陈骅,1
gu_ju_ji,古巨基,1
yang_cheng_lin,杨丞琳,2
huang_jia_qiang,黄家强,1
wu_ke_qun,吴克群,1
li_zong_sheng,李宗盛,1
zhuo_yi_ting,卓依婷,2
wu_si_kai,伍思凯,1
li_sheng_jie,李圣杰,1
xiao_zheng_nan,萧正楠,1
lan_zheng_long,蓝正龙,1
xiong_tian_ping,熊天平,1
xu_ke,徐克,1
huang_da_wei,黄大炜,1
liu_qian,刘谦,1
tao_zhe,陶喆,1
wang_xin_ling,王心凌,1
wen_zhao_lun,温兆伦,1
wang_fei,王菲,1
luo_zhi_xiang,罗志祥,1
guan_en_na,官恩娜,2
guan_zhi_lin,关之琳,2
fei_yu_qing,费玉清,1
fang_zu_ming,房祖名,1
fang_li_shen,方力申,1
chen_qi_zhen,陈绮贞,1
chen_lu_yu,陈鲁豫,1
Hebe,Hebe,1
Ella,Ella,1
chen_chu_he,陈楚河,1
lin_xi_lei,林熙蕾,2
lin_qing_xia,林青霞,2
li_can_sen,李灿森,1
le_ji_er,乐基儿,1
huang_yi_wen,黄伊汶,1
huang_pin_yuan,黄品源,1
hou_pei_cen,侯佩岑,1
li_xiao_long,李小龙,1
miao_qiao_wei,苗侨伟,1
xie_an_qi,谢安琪,1
wu_zong_xian,吴宗宪,1
wu_zhuo_xi,吴卓羲,1
wu_zhen_yu,吴镇宇,1
wu_jun_ru,吴君如,1
wang_ruo_lin,王若琳,2
wang_ming_quan,汪明荃,1
wan_fang,万芳,2
qin_pei,秦沛,1
zheng_shao_qiu,郑少秋,1
xie_jun_hao,谢君豪,1
zheng_rong,郑融,1
zhu_yin,朱茵,1
yu_wen_le,余文乐,1
yong_er,泳儿,1
ying_cai_er,应采儿,1
yang_qian_hua,杨千嬅,1
yang_cai_ni,杨采妮,1
xu_huai_yu,徐怀钰,1
xin_xiao_qi,辛晓琪,1
zhang_man_yu,张曼玉,1
wu_yu_sen,吴宇森,1
xue_kai_qi,薛凯琪,1
xu_zhi_an,许志安,1
ruan_zhao_xiang,阮兆祥,1
liao_bi_er,廖碧儿,1
guo_xian_ni,郭羡妮,1
tang_ning,唐宁,1
guo_jin_an,郭晋安,1
guan_yong_he,关咏荷,1
xu_zi_shan,徐子珊,1
yan_ying_si,颜颖思,2
yi_neng_jing,伊能静,2
zhang_hui_mei,张惠妹,1
he_chao_yi,何超仪,1
di_long,狄龙,1
yang_nai_wen,杨乃文,1
li_ke_qin,李克勤,1
zheng_ze_shi,郑则仕,1
ceng_zhi_wei,曾志伟,1
ye_tong,叶童,1
tan_yao_wen,谭耀文,1
rong_zu_er,容祖儿,1
meng_ting_wei,孟庭苇,1
luo_da_you,罗大佑,1
wu_bai,伍佰,1
ye_qian_wen,叶倩文,2
zhang_shao_han,张韶涵,1
liang_jia_hui,梁家辉,1
lin_xin_ru,林心如,1
feng_bao_bao,冯宝宝,1
meng_hai,孟海,1
lin_guo_bin,林国斌,1
li_xiu_xian,李修贤,1
jiang_hui,江蕙,1
yuan_he_ping,袁和平,1
xu_guan_wen,许冠文,1
tang_yu_zhe,唐禹哲,1
wu_meng_da,吴孟达,1
qi_qin,齐秦,1
liang_han_wen,梁汉文,1
yang_yi,杨怡,2
wang_si_yi,王思懿,1
lv_song_xian,吕颂贤,1
chen_hao_min,陈浩民,1
weng_hong,翁虹,1
li_yi_jun,李翊君,1
wu_yu_fei,吴雨霏,1
du_qi_feng,杜琪峰,1
liang_cheng,梁琤,1
mai_jun_long,麦浚龙,1
liang_xiao_long,梁小龙,1
li_yao_xiang,黎耀祥,1
li_zi_xiong,李子雄,1
xu_ruo_xuan,徐若宣,1
chen_fa_rong,陈法蓉,1
wu_chen_jun,吴辰君,1
wu_ma,午马,1
du_de_wei,杜德伟,1
bao_qi_jing,鲍起静,2
zhou_wen_qi,周汶锜,1
jiang_yu_chen,江语晨,1
li_shan_shan,李珊珊,1
ye_quan_zhen,叶全真,1
liang_zheng,梁铮,1
fan_shao_huang,樊少皇,1
er_dong_sheng,尔冬升,1
zhong_shu_hui,钟淑慧,2
luo_wen,罗文,1
huang_yao_ming,黄耀明,1
qian_xiao_hao,钱小豪,1
luo_hui_juan,罗慧娟,2
lei_yu_yang,雷宇扬,1
pan_xie_qing,潘协庆,1
wu_qi_li,吴绮莉,1
lin_feng_jiao,林凤娇,2
zhang_wen_ci,张文慈,1
chen_hao,陈豪,1
chen_bai_xiang,陈百祥,1
ni_zhen,倪震,1
hu_yin_meng,胡茵梦,1
huang_guan_zhong,黄贯中,1
hong_jin_bao,洪金宝,1
li_li_qun,李立群,1
yuan_biao,元彪,1
lu_qiao_yin,卢巧音,1
yang_gui_mei,杨贵媚,1
tan_xiao_huan,谭小环,1
xu_jin_jiang,徐锦江,1
ye_pei_wen,叶佩雯,1
lin_zi_xiang,林子祥,1
li_mei_xian,黎美娴,1
zhao_wen_xuan,赵文瑄,1
weng_jing_jing,翁静晶,2
liu_dan,刘丹,1
zhou_jia_wei,周家蔚,1
jin_yong,金庸,1
hong_tian_ming,洪天明,1
yu_an_an,余安安,1
peng_ling,彭羚,1
lin_shan_shan,林姗姗,1
du_wen_ze,杜汶泽,1
zhao_xue_er,赵学而,1
xu_shao_xiong,许绍雄,1
xu_wei_lun,许玮伦,1
wei_shi,卫诗,1
huang_zi_jiao,黄子佼,1
chen_yu_chen,陈宇琛,1
gao_sheng_mei,高胜美,1
yang_zhuo_na,杨卓娜,2
qin_han,秦汉,1
lv_fang,吕方,1
chen_jian_fei,陈见飞,1
li_ruo_tong,李若彤,1
mai_jing_ting,麦景婷,2
an_yi_xuan,安以轩,1
chen_yi_han,陈意涵,1
xu_qiu_yi,许秋怡,2
jiang_mei_qi,江美琪,1
huang_jia_nuo,黄家诺,1
lin_yi_chen,林依晨,1
guan_shan,关山,1
wu_yi_jiang,吴毅将,1
cai_yi_jie,蔡一杰,1
cai_yi_zhi,蔡一智,1
bai_bing_bing,白冰冰,1
ba_liang_jin,八两金,1
chen_ming_zhen,陈明真,1
fan_zhi_wei,范植伟,1
gao_jun_xian,高钧贤,1
guan_shu_yi,关淑怡,2
guo_ai_ming,郭蔼明,1
gong_ci_en,龚慈恩,1
ge_wei_ru,戈伟如,1
qiu_ze,邱泽,1
fang_ji_wei,方季惟,1
yan_wei_ling,阎韦伶,1
fu_ming_xian,傅明宪,1
dai_meng_meng,戴梦梦,1
deng_jian_hong,邓健泓,1
gu_long,古龙,1
yang_ming,扬明,1
shao_mei_qi,邵美琪,1
huang_bai_ming,黄百鸣,1
hu_gua,胡瓜,1
he_li_li,何莉莉,1
guo_feng,郭峰,1
ou_yang_pei_shan,欧阳佩珊,1
zhang_ting,张庭,1
hu_nuo_yan,胡诺言,1
chen_zhi_cai,陈之财,1
hong_zhuo_li,洪卓立,1
chen_ting_wei,陈庭威,1
han_jun_ting,韩君婷,2
chen_zhi_jing,陈芷菁,1
cao_yong_lian,曹永廉,1
hou_xiang_ting,侯湘婷,2
zhu_fan_gang,祝钒刚,1
zhou_hui,周蕙,1
yan_xing_shu,颜行书,1
huang_yu_rong,黄玉荣,1
xu_meng_zhe,许孟哲,1
sun_xie_zhi,孙协志,1
wang_ren_fu,王仁甫,1
ding_xiao_qin,丁小芹,1
chen_guan_lin,陈冠霖,1
chen_yi_ru,辰亦儒,1
zhang_hui_chun,张惠春,1
zhang_xiao_hui,章小蕙,1
zhao_you_ting,赵又廷,1
zhang_qing_fang,张清芳,2
ma_guo_ming,马国明,1
lu_ming_jun,陆明君,1
liu_de_kai,刘德凯,1
liu_wen_zheng,刘文正,1
ma_ru_long,马如龙,1
mao_shun_yun,毛舜筠,1
lin_zhi_xuan,林志炫,1
liang_yong_bin,梁永斌,1
mo_shao_cong,莫少聪,1
lin_wei_jun,林韦君,1
ke_yi_rou,柯以柔,1
jiang_yi,蒋怡,2
jia_li_yi,贾立怡,2
jiang_shu_na,江淑娜,2
zhang_jia_hui,张家辉,1
zheng_zhi_hua,郑智化,1
meng_guang_mei,孟广美,1
zhen_zi_dan,甄子丹,1
zheng_yuan_chang,郑元畅,1
zhou_jie_lun,周杰伦,1
pan_zhi_wen,潘志文,1
peng_dan,彭丹,1
pan_an_bang,潘安邦,1
ni_qi_min,倪齐民,1
mo_jia_yao,莫家尧,1
song_da_min,宋达民,1
song_yi_min,宋逸民,1
lu_jia_yi,路嘉怡,2
shao_chuan_yong,邵传勇,1
qin_xiang_lin,秦祥林,1
qu_zhong_heng,屈中恒,1
zhang_xue_you,张学友,1
zheng_yi_jian,郑伊健,1
zhang_wei_jian,张卫健,1
zhang_guo_rong,张国荣,1
xiao_fang_fang,萧芳芳,2
qin_huang,秦煌,1
qian_wei_shan,钱韦杉,1
zhou_run_fa,周润发,1
Selina,Selina,1
deng_cui_wen,邓萃雯,1
zhang_xin_zhe,张信哲,1
zhang_zhen,张震,1
zhou_yu_min,周渝民,1
zhu_xiao_tian,朱孝天,1
liu_geng_hong,刘畊宏,1
zheng_jia_yu,郑家榆,1
liang_xiao_bing,梁小冰,1
li_xiang_qin,李香琴,1
lin_wei_jian,林伟健,1
ceng_hua_qian,曾华倩,2
li_rui_en,黎瑞恩,1
zhou_chu_ming,周初明,1
ceng_bao_yi,曾宝仪,1
liu_pin_yan,刘品言,1
cen_jian_xun,岑建勋,1
liu_yong,刘永,1
zhang_li_ji,张立基,1
xie_ning,谢宁,1
a_xin,阿信,1
a_fei,阿飞,1
li_zhi,利智,1
wu_wei_guo,伍卫国,1
zhou_hai_mei,周海媚,1
ye_shi_rong,叶世荣,1
shi_tou,石头,1
ye_yu_qing,叶玉卿,1
guan_you,冠佑,1
a_qin,阿沁,1
wang_jun_xin,王君馨,1
xia_shao_sheng,夏韶声,1
tian_niu,恬妞,1
tian_ni,恬妮,1
xia_wen_xi,夏文汐,1
cao_cha_li,曹查理,1
sui_tang,隋棠,1
shang_tian_e,商天娥,1
wang_zu_lan,王祖蓝,1
song_xin_ni,宋新妮,1
su_zhi_wei,苏志威,1
chen_jun_sheng,陈俊生,1
xu_wei_ning,许玮宁,1
bai_xin_hui,白歆惠,1
ruan_jing_tian,阮经天,1
su_you_peng,苏有朋,1
xiao_qiang,萧蔷,1
wu_qi_long,吴奇隆,1
yuan_yong_yi,袁咏仪,1
chen_zhi_peng,陈志朋,1
ye_zi_mei,叶子媚,1
lin_zhi_hao,林志豪,1
weng_jia_ming,翁家明,1
yu_xiao_fan,俞小凡,1
li_jia_cheng,李家诚,1
chen_jin_hong,陈锦鸿,1
guo_pin_chao,郭品超,1
tian_qi_wen,田启文,1
tu_shan_ni,涂善妮,1
tang_bao_ru,汤宝如,1
tang_shi_yong,唐诗咏,1
tang_zhen_zong,汤镇宗,1
xu_tian_you,徐天佑,1
xie_ya_fang,谢亚芳,2
xu_nai_lin,徐乃麟,1
li_ting_yi,李婷宜,2
tian_xin,天心,1
zhang_yu,张宇,1
zhuang_hao_quan,庄濠全,1
zhang_zhen_huan,张振寰,1
ceng_kai_xuan,曾恺玹,1
zhang_tian_ai,张天爱,1
zhao_song_ru,赵颂茹,1
tong_an_ge,童安格,1
tan_yu_ying,谭玉瑛,1
tian_rui_ni,田蕊妮,1
tan_kai_qi,谭凯琪,1
zhang_yu_sheng,张雨生,1
chen_cai_lan,陈采岚,1
li_lie,李烈,1
chen_jian_zhou,陈建州,1
ceng_guo_xiang,曾国祥,1
wang_xin_ping,王馨平,1
lin_yi_feng,林一峰,1
chen_shan_ni,陈珊妮,1
tang_zhen_ye,汤镇业,1
feng_de_lun,冯德伦,1
chen_jian_feng,陈键锋,1
fan_yi_chen,范逸臣,1
chen_song_ling,陈松伶,1
chen_yi_xun,陈奕迅,1
huang_jia_ju,黄家驹,1
zhang_di,张帝,1
zhang_rui_jia,张睿家,1
zhang_zhao_hui,张兆辉,1
zhang_chen_guang,张晨光,1
zhang_yu_shan,张玉珊,1
zhou_qun_da,周群达,1
zhou_guo_xian,周国贤,1
zhang_zhi_heng,张致恒,1
zhang_tian_lin,张天霖,1
zhen_zhi_qiang,甄志强,1
zhang_rong_rong,张榕容,1
gan_guo_liang,甘国亮,1
zhang_zhi_yao,张智尧,1
zhao_hong_qiao,赵虹乔,1
ceng_shao_zong,曾少宗,1
zhang_shi,张世,1
tai_di_luo_bin,泰迪罗宾,1
chen_zi_cong,陈子聪,1
yin_zi_wei,尹子维,1
huang_you_nan,黄又南,1
guo_zheng_hong,郭政鸿,1
she_shi_man,佘诗曼,1
liu_yi_da,刘以达,1
he_jia_jin,何家劲,1
li_zi,黎姿,1
ceng_wei_quan,曾伟权,1
lin_wen_long,林文龙,1
yin_tian_zhao,尹天照,1
shao_zhong_heng,邵仲衡,1
hao_shao_wen,郝劭文,1
kuang_wen_xun,邝文珣,1
huang_qiu_sheng,黄秋生,1
he_jun_xiang,贺军翔,1
wan_qi_wen,万绮雯,1
chen_xiao_chun,陈小春,1
lin_jia_dong,林家栋,1
liu_hao_long,刘浩龙,1
liu_kai_wei,刘恺威,1
liang_rong_zhong,梁荣忠,1
yao_zi_ling,姚子羚,1
yang_lin,杨林,1
yue_ling,岳翎,1
yang_pei_an,杨培安,1
yuan_wei_ren,袁惟仁,1
ying_chang_you,应昌佑,1
ye_jin_tian,叶锦添,1
ye_cui_cui,叶翠翠,1
lin_bao_yi,林保怡,2
guo_ke_ying,郭可盈,1
ou_yang_fei_fei,欧阳菲菲,1
huang_yu_shi,黄宇诗,1
yuan_wei_hao,袁伟豪,1
si_tu_rui_qi,司徒瑞祈,1
xia_yu,夏雨,1
yang_ai_jin,杨爱瑾,1
zhang_xin_yu,张芯瑜,1
yin_xin,尹馨,1
you_er_fei_wen,有耳非文,1
yang_qian_pei,杨千霈,1
zhang_jun_ning,张钧宁,1
chen_qiao_en,陈乔恩,1
ke_you_lun,柯有纶,1
yan_cheng_xu,言承旭,1
cai_min_you,蔡旻佑,1
jiang_tong,姜彤,1
chang_xiao_yang,常晓阳,1
lin_wei_ru,林苇茹,1
wang_xi,王喜,1
xu_shu_min,徐淑敏,2
wu_jia_le,吴家乐,1
li_shi_yun,李诗韵,1
huang_de_bin,黄德斌,1
chen_mei_shi,陈美诗,1
lu_shi_yun,陆诗韵,1
ke_jia_yan,柯佳嬿,1
cai_xing_juan,蔡幸娟,2
huang_zong_ze,黄宗泽,1
hu_xing_er,胡杏儿,1
liang_chao_wei,梁朝伟,1
zhou_xing_chi,周星驰,1
xu_zi_qi,徐子淇,1
shang_shan_shi_na,上山诗纳,1
jiang_zu_ping,江祖平,1
wang_shao_wei,王少伟,1
ha_gou_bang,哈狗帮,1
huang_shao_qi,黄少祺,1
guo_jing,郭静,2
he_shou_xin,何守信,1
gai_ming_hui,盖鸣晖,1
lian_kai,连凯,1
chen_hui_hong,陈辉虹,1
chen_ke_xin,陈可辛,1
li_guo_lin,李国麟,1
chen_mei_qi,陈美琪,1
zhang_guo_qiang,张国强,1
liu_jiang,刘江,1
ma_jun_wei,马浚伟,1
zhou_chuan_xiong,周传雄,1
gu_tian_le,古天乐,1
cheng_long,成龙,1
li_yong_hao,李永豪,1
fu_qi,傅奇,1
lin_xiao_feng,林晓峰,1
tan_jun_yan,谭俊彦,1
li_zhi_qi,李志奇,1
wei_jun_jie,魏骏杰,1
xu_ren_jie,许仁杰,1
li_si_jie,李思捷,1
jiang_ruo_lin,江若琳,2
li_zhi_xi,李志希,1
zheng_dan_rui,郑丹瑞,1
xiang_hai_lan,向海岚,1
xu_an_an,许安安,1
liu_xin_you,刘心悠,1
fang_si_yu,房思瑜,1
li_yi_lang,李逸朗,1
peng_fa,彭发,1
zheng_dong_han,郑东汉,1
yang_qing_huang,杨庆煌,1
zhang_ke_yi,张可颐,1
zhang_wan_ting,张婉婷,2
lin_bi_qi,林碧琪,1
wang_yu_jie,王宇婕,1
guo_fu_cheng,郭富城,1
zhong_han_liang,钟汉良,1
chen_song_yong,陈松勇,1
weng_qian_yu,翁倩玉,2
chen_qiu_xia,陈秋霞,2
ou_di,欧弟,1
wu_pei_ci,吴佩慈,1
ceng_jiang,曾江,1
huang_wei_de,黄维德,1
li_kang_yi,李康宜,1
zhong_shu_man,钟舒漫,1
zhou_bai_hao,周柏豪,1
zheng_xi_yi,郑希怡,2
zhang_jin_cheng,张锦程,1
zhao_chuan,赵传,1
cai_yi_lin,蔡依林,1
bao_xiao_bai,包小柏,1
wu_qian_lian,吴倩莲,2
guan_zheng_jie,关正杰,1
zhong_zhen_tao,钟镇涛,1
tan_yong_lin,谭咏麟,1
liang_yong_qi,梁咏琪,1
fang_da_tong,方大同,1
guai_shou,怪兽,1
he_yun_shi,何韵诗,1
fu_ying,傅颖,2
xiao_S,小S,1
da_S,大S,1
xiu_jie_kai,修杰楷,1
wen_sheng_hao,温升豪,1
li_wei,李威,1
xia_yu_tong,夏宇童,1
huang_jin_shen,黄锦燊,1
xiao_chong,小虫,1
tang_ying_ying,汤盈盈,1
xin,信,1
huang_zhi_xian,黄智贤,1
li_qian_rong,李倩蓉,2
zhou_xiu_na,周秀娜,2
shi_wen_bin,施文斌,1
sun_yao_wei,孙耀威,1
li_ming,黎明,1
zhang_yun_jing,张芸京,1
han_bao_yi,韩宝仪,1
TORO,TORO,1
tao_da_yu,陶大宇,1
liu_qian_ting,刘倩婷,2
wang_xiu_lin,王秀琳,2
chen_bai_lin,陈柏霖,1
cheng_kui_an,成奎安,1
ding_zi_gao,丁子高,1
chen_yu_han,陈瑀涵,1
chen_zi_qiang,陈子强,1
wang_hao_xin,王浩信,1
chen_zhi_kai,陈至恺,1
lian_jin,连晋,1
guo_shao_yun,郭少芸,1
zheng_hao_nan,郑浩南,1
chen_bai_qiang,陈百强,1
chen_sha_li,陈莎莉,1
chen_long,陈龙,1
huang_wen_hao,黄文豪,1
chen_yi_rong,陈怡蓉,2
hu_yu_wai,胡宇崴,1
guan_li_jie,关礼杰,1
bao_wei_ming,包伟铭,1
ma_sha,玛莎,1
liu_jia_hui,刘家辉,1
bao_xiao_song,包小松,1
zhang_yao_yang,张耀扬,1
jiao_en_jun,焦恩俊,1
pan_hong_bin,潘宏彬,1
guo_li_xing,郭力行,1
li_man_yun,李曼筠,1
luo_zhong_qian,罗仲谦,1
li_lin_lin,李琳琳,2
wu_yao_han,吴耀汉,1
li_jia_ding,李家鼎,1
luo_mei_wei,罗美薇,2
bai_yun_qin,白韵琴,1
shen_yu_lin,沈玉琳,2
lian_jing_wen,连静雯,2
yuan_qiong_dan,苑琼丹,1
guo_jin,郭金,1
ming_dao,明道,1
chen_ruo_yi,陈若仪,1
duan_jun_hao,段钧豪,1
chen_han_dian,陈汉典,1
tai_zheng_xiao,邰正宵,1
xiao_he_shuo,萧贺硕,1
feng_xi_yu,冯曦妤,1
deng_zi_qi,邓紫棋,1
di_yi_da,狄易达,1
lu_xue_rui,卢学叡,1
ding_rou_an,丁柔安,1
lan_you_shi,蓝又时,1
li_guan_yi,李冠仪,1
qi_yu,齐豫,1
wu_wen_xin,吴文忻,1
ding_ye_tian,丁也恬,1
tang_chuan,唐川,1
li_xuan,李璇,1
li_jing,利菁,1
zhang_ke_fan,张克帆,1
liu_xuan,刘璇,1
huang_xiao_ming,黄晓明,1
hu_jun,胡军,1
zhou_xun,周迅,1
di_ke_niu_zai,迪克牛仔,1
yan_shu_ming,严淑明,1
lv_liang_wei,吕良伟,1
luo_bai_ji,罗百吉,1
ma_shi_li,马世莉,1
ma_shi_ai,马世嫒,1
chen_wei,陈炜,1
li_wan_hua,李婉华,2
yu_fang,郁芳,2
yan_qian_wen,颜仟汶,1
wang_tong,王瞳,1
liu_hong_hua,刘虹桦,1
cai_guo_quan,蔡国权,1
chen_miao_ying,陈妙英,2
wan_zi_liang,万梓良,1
chen_hong_lie,陈鸿烈,1
wen_bi_xia,温碧霞,2
shu_qi,舒淇,1
tang_wei,汤唯,1
zhang_zi_yi,章子怡,2
liu_xiang_jing,刘向京,1
liu_rui_qi,刘瑞琪,1
deng_hao_guang,邓浩光,1
shen_shi_peng,沈世朋,1
lin_you_wei,林佑威,1
huang_kai_qin,黄凯芹,1
ge_min_hui,葛民辉,1
gao_ming_jun,高明骏,1
zhang_fei,张菲,1
yu_fan_kang,俞凡鏮,1
hong_xiao_lei,洪晓蕾,2
liu_mei_juan,刘美娟,2
ji_qin,季芹,1
hong_tian_zhao,洪天照,1
li_long_yi,李茏怡,2
huang_an,黄安,1
lin_xi,林夕,1
hui_tian_ci,惠天赐,1
huo_qi_gang,霍启刚,1
lin_xiao_pei,林晓培,1
chen_zhen_jun,陈贞均,1
guo_yan_jun,郭彦均,1
guo_yan_fu,郭彦甫,1
sun_yun_yun,孙芸芸,1
guan_ying,关颖,2
ou_qian_yi,欧倩怡,2
lin_rui_yang,林瑞阳,1
ma_ting_qiang,马廷强,1
dai_li_ren,戴立忍,1
chen_guo_kun,陈国坤,1
liang_luo_shi,梁洛施,1
gui_lun_mei,桂纶镁,1
cui_jian_bang,崔建邦,1
ye_de_xian,叶德娴,1
xiao_ya_xuan,萧亚轩,1
li_li_ren,李李仁,1
zhang_bai_zhi,张柏芝,1
